Frame number,162
First frame,343
Point frequency,100
Analog frequency,200

Time,RHEE,,,RTOE,,,RHipAngles,,,RKneeAngles,,,RAnkleAngles,,,RAbsAnkleAngle,,,RPelvisAngles,,,RFootProgressAngles,,,RAnkleMoment,,,RKneeMoment,,,RHipMoment,,,RHipPower,,,RKneePower,,,RAnklePower,,
s,mm,mm,mm,mm,mm,mm,deg,deg,deg,deg,deg,deg,deg,deg,deg,deg,deg,deg,deg,deg,deg,deg,deg,deg,Nmm,Nmm,Nmm,Nmm,Nmm,Nmm,Nmm,Nmm,Nmm,W,W,W,W,W,W,W,W,W
,X,Y,Z,X,Y,Z,X,Y,Z,X,Y,Z,X,Y,Z,X,Y,Z,X,Y,Z,X,Y,Z,X,Y,Z,X,Y,Z,X,Y,Z,X,Y,Z,X,Y,Z,X,Y,Z
3.42,124.223,-251.437,143.875,168.517,-70.4349,62.6324,22.3522,-6.06585,-0.987556,42.2033,1.99295,6.4273,10.1708,1.86407,-10.5206,9.99804,0,0,-13.1785,0.416913,174.999,-112.829,2.14689,-166.544,0,0,0,0,0,0,0,0,0,0,0,0,0,0,0,0,0,0
3.43,121.869,-274.747,149.873,163.27,-96.9974,61.9992,21.1353,-6.18587,-1.56261,42.6969,1.56064,6.32492,9.73123,1.60014,-9.06532,9.60851,0,0,-12.9407,0.621837,175.071,-114.777,1.72289,-167.535,0,0,0,0,0,0,0,0,0,0,0,0,0,0,0,0,0,0
3.44,119.987,-296.479,153.764,158.337,-121.359,60.6341,19.8779,-6.22331,-1.95989,42.7361,1.18879,6.26472,9.25569,1.37662,-7.82328,9.1688,0,0,-12.7188,0.809164,175.114,-116.365,1.37592,-168.547,0,0,0,0,0,0,0,0,0,0,0,0,0,0,0,0,0,0
3.45,118.559,-316.614,155.543,153.742,-143.45,58.5793,18.583,-6.17835,-2.17941,42.3234,0.88276,6.2253,8.77116,1.19049,-6.78321,8.70928,0,0,-12.5128,0.9785,175.128,-117.562,1.11266,-169.554,0,0,0,0,0,0,0,0,0,0,0,0,0,0,0,0,0,0
3.46,117.534,-335.109,155.205,149.544,-163.101,55.9494,17.2584,-6.0525,-2.22668,41.4702,0.640643,6.18733,8.34531,1.0422,-5.9513,8.30002,0,0,-12.3234,1.12945,175.114,-118.304,0.940304,-170.519,-47.0956,3.17874e-015,7.5533,283.182,16.1469,7.33521,-404.841,-54.5169,17.4506,0,0,-0.925117,0,0,0.510577,0,0,-0.0305614
3.47,116.81,-351.888,152.773,145.839,-180.043,52.9531,15.9192,-5.84901,-2.11561,40.2026,0.454227,6.13321,8.09119,0.93631,-5.35565,8.05563,0,0,-12.1512,1.26151,175.073,-118.49,0.864556,-171.376,-55.3623,1.49588e-015,12.2091,285.504,11.4325,11.9201,-458.883,-53.2225,23.1825,0,0,-1.0518,0,0,0.705832,0,0,-0.0117376
3.48,116.224,-366.857,148.324,142.753,-193.962,49.8794,14.5893,-5.57314,-1.86962,38.5648,0.311205,6.04848,8.1466,0.881024,-5.04418,8.11485,0,0,-11.9968,1.37396,175.006,-118.002,0.884996,-172.039,-61.251,-3.7397e-015,16.7225,278.077,4.19976,16.3858,-512.64,-52.1497,29.6508,0,0,-1.15542,0,0,0.845749,0,0,0.0293329
3.49,115.554,-379.918,142.035,140.404,-204.619,47.0375,13.3011,-5.23215,-1.52123,36.6225,0.198245,5.92359,8.62726,0.885874,-5.07152,8.59323,0,0,-11.8613,1.46595,174.913,-116.756,0.989982,-172.411,-61.7231,2.99176e-015,19.8166,256.247,-6.13836,19.469,-552.038,-53.2521,35.7493,0,0,-1.18726,0,0,0.889655,0,0,0.0821376
3.5,114.538,-391,134.205,138.861,-211.995,44.6699,12.0936,-4.8346,-1.11019,34.4627,0.103975,5.75579,9.56728,0.957491,-5.4749,9.52322,0,0,-11.7455,1.53642,174.797,-114.765,1.15451,-172.412,-55.3851,2.24382e-015,20.3484,219.431,-19.4471,20.0335,-568.214,-58.2253,40.243,0,0,-1.11765,0,0,0.817821,0,0,0.121447
3.51,112.917,-400.087,125.247,138.1,-216.39,42.8971,11.0095,-4.38972,-0.679594,32.1891,0.0215173,5.54996,10.8888,1.09508,-6.24826,10.8233,0,0,-11.65,1.58431,174.661,-112.168,1.34412,-172.003,-43.7499,-0,17.9193,172.291,-33.8712,17.6787,-562.403,-65.6803,41.8506,0,0,-0.954643,0,0,0.65137,0,0,0.126875
3.52,110.484,-407.242,115.648,137.989,-218.398,41.7268,10.0905,-3.90688,-0.271413,29.9141,-0.0503483,5.31822,12.4323,1.28817,-7.32965,12.3291,0,0,-11.5752,1.60872,174.508,-109.196,1.52327,-171.205,-30.1223,4.86161e-015,13.2128,122.602,-45.1906,13.0737,-542.63,-69.3345,39.3488,0,0,-0.735155,0,0,0.444824,0,0,0.0999414
3.53,107.146,-412.615,105.893,138.31,-218.76,41.0856,9.37269,-3.39564,0.078012,27.7474,-0.108008,5.07715,14.0199,1.51837,-8.61187,13.8586,0,0,-11.5208,1.60917,174.343,-106.105,1.66373,-170.094,-17.7312,1.12191e-015,7.68185,76.8449,-48.0586,7.64494,-515.578,-59.5627,32.0985,0,0,-0.50157,0,0,0.253103,0,0,0.059572
3.54,102.958,-416.433,96.4112,138.825,-218.198,40.8519,8.88246,-2.86581,0.341531,25.7845,-0.146195,4.84541,15.5071,1.7645,-9.97311,15.267,0,0,-11.4862,1.58566,174.171,-103.114,1.74968,-168.774,-8.4847,-9.34925e-017,2.68666,38.2132,-39.0112,2.73239,-483.813,-29.4225,20.6932,0,0,-0.288262,0,0,0.10749,0,0,0.0245614
3.55,98.1362,-418.981,87.5322,139.338,-217.299,40.8906,8.63444,-2.32794,0.502611,24.0983,-0.162009,4.64356,16.8041,2.00785,-11.3077,16.4685,0,0,-11.4698,1.53891,174,-100.375,1.77774,-167.355,-2.83663,-9.81671e-016,-1.12651,7.22108,-18.769,-1.01443,-446.758,19.9373,6.93632,0,0,-0.115933,0,0,0.0142041,0,0,0.00288098
3.56,93.0317,-420.575,79.4872,139.721,-216.471,41.0788,8.63098,-1.79347,0.554974,22.7361,-0.157893,4.4949,17.8706,2.23468,-12.5404,17.4304,0,0,-11.4692,1.4705,173.836,-97.9709,1.75312,-165.942,-0.291986,9.34925e-017,-3.71434,-16.3053,8.55758,-3.53349,-405.019,80.1511,-7.01039,0,0,0.00740002,0,0,-0.0328646,0,0,-0.00673921
3.57,88.0708,-421.525,72.4211,139.912,-215.948,41.3212,8.86318,-1.27425,0.501009,21.7196,-0.142373,4.42338,18.6992,2.43619,-13.6257,18.1543,0,0,-11.4815,1.38277,173.688,-95.9377,1.68507,-164.625,-0.0348695,7.4794e-016,-5.23692,-32.8857,37.4369,-4.97159,-359.891,139.436,-19.301,0,0,0.0854523,0,0,-0.0447325,0,0,-0.00878947
3.58,83.6727,-422.108,66.4146,139.91,-215.809,41.558,9.31249,-0.781751,0.350104,21.0474,-0.128206,4.44947,19.3004,2.60799,-14.543,18.6587,0,0,-11.5029,1.27885,173.563,-94.2753,1.58421,-163.478,-1.24391,-4.67462e-016,-5.95716,-43.408,62.1339,-5.58932,-312.031,185.456,-28.5931,0,0,0.128355,0,0,-0.0336552,0,0,-0.00753194
3.59,80.1654,-422.531,61.5028,139.759,-216.019,41.7656,9.95198,-0.325897,0.117355,20.6971,-0.128914,4.58598,19.6917,2.74964,-15.2936,18.9672,0,0,-11.5293,1.16252,173.469,-92.9629,1.46107,-162.551,-3.25674,-5.14209e-016,-6.16471,-49.0675,77.951,-5.68177,-260.907,208.27,-34.0736,0,0,0.144957,0,0,-0.0112782,0,0,-0.00578555
3.6,77.7234,-422.918,57.6799,139.527,-216.472,41.9493,10.7475,0.0858157,-0.177003,20.6275,-0.155084,4.8351,19.8932,2.864,-15.8956,19.1023,0,0,-11.5561,1.0383,173.414,-91.9663,1.32519,-161.867,-5.57786,-1.44913e-015,-6.06563,-51.2006,82.5161,-5.4677,-205.568,203.475,-35.4921,0,0,0.138439,0,0,0.0125341,0,0,-0.0049205
3.61,76.3445,-423.315,54.8924,139.279,-217.03,42.1313,11.6586,0.449186,-0.508151,20.7823,-0.211829,5.1871,19.925,2.95647,-16.3797,19.0843,0,0,-11.5788,0.911129,173.405,-91.2429,1.18488,-161.425,-7.83094,-1.70624e-015,-5.77616,-51.0086,76.2503,-5.07994,-145.92,173.359,-33.1782,0,0,0.108686,0,0,0.0308126,0,0,-0.00531278
3.62,75.8742,-423.71,53.0285,139.064,-217.565,42.338,12.6408,0.762937,-0.847997,21.094,-0.297681,5.62015,19.808,3.03388,-16.7831,18.9314,0,0,-11.5931,0.786518,173.447,-90.7445,1.04774,-161.204,-9.75487,1.75298e-015,-5.34574,-49.5431,61.9584,-4.58267,-83.7737,126.087,-28.0037,0,0,0.0580289,0,0,0.0402713,0,0,-0.00675089
3.63,76.065,-424.067,51.921,138.898,-217.995,42.5901,13.6477,1.02778,-1.16779,21.4897,-0.405063,6.10287,19.563,3.10308,-17.1423,18.661,0,0,-11.5954,0.670265,173.545,-90.4206,0.921048,-161.165,-11.2295,-2.34315e-015,-4.83187,-47.4836,43.3833,-4.03822,-22.6286,71.4915,-21.1292,0,0,-0.00472531,0,0,0.0409989,0,0,-0.00880406
3.64,76.6432,-424.356,51.3686,138.762,-218.301,42.8967,14.6352,1.24509,-1.44129,21.8981,-0.522357,6.59878,19.2081,3.16981,-17.4873,18.2881,0,0,-11.5827,0.568452,173.7,-90.2233,0.811767,-161.266,-12.2122,-4.64541e-016,-4.32793,-44.6148,24.1487,-3.53661,31.0672,18.5285,-13.7888,0,0,-0.0630139,0,0,0.0347711,0,0,-0.0110469
3.65,77.3614,-424.564,51.1676,138.61,-218.522,43.2534,15.5649,1.41624,-1.64813,22.2559,-0.637198,7.06987,18.7563,3.2374,-17.8354,17.8238,0,0,-11.5532,0.486983,173.915,-90.1122,0.726596,-161.467,-12.7571,-9.20316e-017,-3.86166,-40.625,7.29706,-3.10004,71.2578,-25.7036,-7.09966,0,0,-0.10235,0,0,0.0242114,0,0,-0.0131541
3.66,78.0329,-424.696,51.1394,138.383,-218.729,43.6441,16.4078,1.54214,-1.7764,22.5125,-0.739765,7.47973,18.2144,3.30607,-18.1877,17.275,0,0,-11.5061,0.431213,174.186,-90.057,0.671956,-161.734,-13.0124,4.12682e-016,-3.36573,-35.6901,-5.09037,-2.6561,95.1043,-56.4598,-1.86996,0,0,-0.117752,0,0,0.0123056,0,0,-0.0149645
3.67,78.5451,-424.772,51.1479,138.034,-219.001,44.0474,17.145,1.62302,-1.82306,22.6335,-0.824799,7.79593,17.5852,3.37315,-18.5303,16.6461,0,0,-11.4417,0.405558,174.511,-90.0364,0.653837,-162.042,-13.1563,-5.3539e-016,-2.69389,-30.4043,-11.9692,-2.05566,102.899,-71.2369,1.50113,0,0,-0.112552,0,0,0.00158453,0,0,-0.0164587
3.68,78.8571,-424.824,51.1053,137.539,-219.399,44.444,17.7681,1.65869,-1.79308,22.6005,-0.891981,7.99233,16.8706,3.43396,-18.8398,15.9419,0,0,-11.3614,0.412891,174.881,-90.0357,0.677252,-162.374,-13.3695,-1.19386e-015,-1.69031,-25.5977,-13.5088,-1.13981,97.7395,-70.5028,3.11243,0,0,-0.0944691,0,0,-0.00646921,0,0,-0.017782
3.69,78.984,-424.888,50.9692,136.912,-219.966,44.8235,18.2773,1.64869,-1.69729,22.4095,-0.944595,8.05115,16.0757,3.48347,-19.0909,15.1696,0,0,-11.267,0.4544,175.29,-90.0439,0.745287,-162.718,-13.8121,-1.00463e-015,-0.268941,-22.332,-10.971,0.182775,84.8957,-57.2988,3.47818,0,0,-0.0717351,0,0,-0.0117304,0,0,-0.0192398
3.7,78.974,-424.995,50.7328,136.202,-220.724,45.1895,18.6792,1.59284,-1.54988,22.0682,-0.987398,7.96576,15.2123,3.51805,-19.2658,14.3416,0,0,-11.1611,0.529428,175.728,-90.0506,0.857813,-163.058,-14.573,-2.46513e-017,1.55179,-20.9305,-6.09379,1.89926,68.3427,-36.2956,3.282,0,0,-0.0488371,0,0,-0.0150054,0,0,-0.021109
3.71,78.8854,-425.174,50.413,135.488,-221.676,45.562,18.9848,1.49191,-1.36678,21.5936,-1.02479,7.74146,14.3013,3.53665,-19.3598,13.4769,0,0,-11.0466,0.6355,176.183,-90.0435,1.01088,-163.377,-15.6441,-1.28917e-016,3.66788,-21.202,-0.464667,3.90945,50.8506,-12.2107,3.1033,0,0,-0.0279465,0,0,-0.0172276,0,0,-0.0233573
3.72,78.7701,-425.439,50.0387,134.867,-222.806,45.9753,19.2082,1.34793,-1.16418,21.0096,-1.05947,7.39416,13.3729,3.54116,-19.3825,12.6022,0,0,-10.9264,0.768657,176.643,-90.0066,1.19705,-163.652,-16.9159,-8.07103e-016,5.88499,-22.5031,4.6999,6.02186,33.5741,10.9043,3.28601,0,0,-0.0098731,0,0,-0.0189085,0,0,-0.025467
3.73,78.6643,-425.793,49.6402,134.441,-224.081,46.4725,19.3654,1.16472,-0.95771,20.3437,-1.09196,6.94787,12.4646,3.53605,-19.3568,11.7496,0,0,-10.8033,0.92362,177.098,-89.9209,1.40661,-163.857,-18.2113,-1.04595e-015,7.93333,-24.1027,8.65835,7.97019,16.9912,30.0126,3.8789,0,0,0.0047528,0,0,-0.0201773,0,0,-0.02655
3.74,78.5862,-426.227,49.2419,134.306,-225.458,47.0996,19.4725,0.947937,-0.761539,19.6249,-1.12068,6.43194,11.6167,3.52771,-19.3146,10.9545,0,0,-10.6795,1.09419,177.535,-89.7655,1.62914,-163.965,-19.3059,-7.1288e-016,9.4697,-25.1863,11.1626,9.41675,0.721113,43.4364,4.63301,0,0,0.0155841,0,0,-0.0207868,0,0,-0.0257335
3.75,78.5386,-426.722,48.857,134.537,-226.896,47.8948,19.5454,0.704949,-0.58744,18.8809,-1.14271,5.87821,10.8651,3.52332,-19.2924,10.2482,0,0,-10.5567,1.27363,177.943,-89.5226,1.85546,-163.95,-19.9695,1.19203e-015,10.0787,-24.73,12.2294,9.954,-16.5553,50.3949,5.10085,0,0,0.0225028,0,0,-0.020058,0,0,-0.0226928
3.76,78.5138,-427.256,48.4865,135.17,-228.368,48.8797,19.5984,0.444635,-0.444179,18.1358,-1.15508,5.31732,10.2331,3.52896,-19.321,9.65113,0,0,-10.4358,1.455,178.314,-89.1831,2.07869,-163.798,-20.2041,1.28552e-015,9.24983,-21.7224,11.34,9.08037,-36.6681,49.4111,4.8805,0,0,0.0250557,0,0,-0.0173909,0,0,-0.0182151
3.77,78.4997,-427.803,48.1205,136.182,-229.849,50.0621,19.6443,0.177085,-0.337953,17.4089,-1.15619,4.77562,9.73135,3.54691,-19.4115,9.17327,0,0,-10.3169,1.63147,178.638,-88.7452,2.29307,-163.514,-20.0227,7.24567e-016,6.67591,-15.6845,7.97053,6.49221,-60.4794,39.5786,3.71462,0,0,0.0233256,0,0,-0.0125991,0,0,-0.0136466
3.78,78.4865,-428.337,47.7439,137.466,-231.303,51.4405,19.6937,-0.0868709,-0.272973,16.7141,-1.14658,4.27321,9.35928,3.57348,-19.5454,8.81554,0,0,-10.1994,1.79654,178.911,-88.2126,2.49195,-163.131,-19.4134,7.36253e-016,2.53448,-6.70315,2.35741,2.36474,-88.2918,21.9958,1.56938,0,0,0.0192025,0,0,-0.00569482,0,0,-0.00995043
3.79,78.472,-428.835,47.3439,138.84,-232.684,53,19.7562,-0.336236,-0.252203,16.0608,-1.12938,3.82324,9.10476,3.59881,-19.6729,8.56919,0,0,-10.0825,1.94435,179.127,-87.5959,2.6671,-162.711,-18.3911,9.11552e-016,-2.41249,4.58174,-4.06919,-2.54753,-119.727,0.619837,-1.32129,0,0,0.0166637,0,0,0.00296189,0,0,-0.00687176
3.8,78.4613,-429.282,46.9132,140.079,-233.939,54.71,19.8394,-0.560508,-0.278234,15.4542,-1.11037,3.43174,8.94259,3.60898,-19.724,8.414,0,0,-9.96505,2.0698,179.286,-86.9153,2.81019,-162.329,-17.0569,-2.47755e-015,-6.98795,16.5623,-9.16664,-7.07997,-152.247,-18.9495,-4.41883,0,0,0.0200261,0,0,0.0118782,0,0,-0.00326523
3.81,78.4628,-429.672,46.4519,140.978,-235.024,56.5264,19.9505,-0.75062,-0.353572,14.8975,-1.09727,3.09838,8.83766,3.59029,-19.6301,8.32027,0,0,-9.84585,2.16889,179.389,-86.1986,2.91565,-162.057,-15.6051,-3.17874e-015,-10.1131,27.3037,-11.321,-10.1678,-182.381,-32.191,-7.03181,0,0,0.0315829,0,0,0.0190975,0,0,0.0014279
3.82,78.4848,-430.014,45.966,141.408,-235.917,58.4014,20.0956,-0.899703,-0.480965,14.393,-1.09829,2.81763,8.75281,3.53335,-19.3431,8.25517,0,0,-9.7238,2.23877,179.438,-85.4765,2.9828,-161.941,-14.2364,-2.4308e-015,-11.2352,35.5643,-10.0481,-11.2691,-207.562,-37.0409,-8.63455,0,0,0.0508819,0,0,0.0234555,0,0,0.00621881
3.83,78.5321,-430.324,45.4646,141.336,-236.62,60.2917,20.2805,-1.00383,-0.663197,13.9433,-1.1207,2.57977,8.65603,3.43491,-18.8446,8.18878,0,0,-9.59821,2.27788,179.441,-84.7759,3.01619,-161.993,-13.103,7.4794e-016,-10.3856,40.8216,-5.98447,-10.4194,-226.197,-34.1149,-8.99612,0,0,0.0753626,0,0,0.0247433,0,0,0.00916776
3.84,78.6054,-430.619,44.9587,140.821,-237.158,62.1642,20.5109,-1.06224,-0.902458,13.5522,-1.1695,2.37219,8.52452,3.29749,-18.1437,8.09775,0,0,-9.46883,2.28576,179.403,-84.1175,3.02414,-162.199,-12.2891,-1.40239e-015,-8.02213,42.9789,-0.496816,-8.07441,-237.351,-26.06,-8.16642,0,0,0.101678,0,0,0.0233926,0,0,0.00878624
3.85,78.7024,-430.914,44.4607,139.982,-237.572,63.9968,20.7917,-1.07744,-1.19979,13.224,-1.24658,2.18144,8.34614,3.12783,-17.2704,7.96734,0,0,-9.336,2.26313,179.332,-83.5137,3.01634,-162.52,-11.793,2.05683e-015,-4.76462,41.9579,4.99967,-4.84756,-239.532,-16.0815,-6.38743,0,0,0.126199,0,0,0.0200581,0,0,0.00490727
3.86,78.8168,-431.214,43.9837,138.969,-237.911,65.7755,21.1276,-1.05471,-1.55417,12.9637,-1.35043,1.99583,8.11847,2.93532,-16.2692,7.79132,0,0,-9.20089,2.21167,179.238,-82.9703,3.00181,-162.909,-11.5684,1.61275e-015,-1.21913,38.1482,9.54316,-1.33719,-232.592,-6.80989,-4.02748,0,0,0.146071,0,0,0.0157517,0,0,-0.00136043
3.87,78.9391,-431.518,43.5407,137.934,-238.226,67.4907,21.5219,-1.00148,-1.96227,12.7758,-1.47661,1.80661,7.84704,2.73059,-15.1929,7.57114,0,0,-9.0653,2.13396,179.129,-82.4864,2.9879,-163.314,-11.5642,4.20716e-016,2.07435,32.1426,12.5968,1.92367,-216.499,-0.133635,-1.50209,0,0,0.158539,0,0,0.0114568,0,0,-0.00817777
3.88,79.0565,-431.827,43.1429,137.014,-238.557,69.1355,21.977,-0.926567,-2.41758,12.6636,-1.61865,1.60848,7.54294,2.52439,-14.0975,7.31451,0,0,-8.93191,2.03337,179.013,-82.0562,2.98009,-163.686,-11.7501,-9.34925e-017,4.64531,25.0933,13.9756,4.46946,-193.094,2.94284,0.748687,0,0,0.162146,0,0,0.00800763,0,0,-0.0136718
3.89,79.1551,-432.135,42.7959,136.31,-238.935,70.7054,22.493,-0.839328,-2.91009,12.6269,-1.76919,1.39849,7.21938,2.32616,-13.0343,7.0324,0,0,-8.80401,1.91384,178.897,-81.6697,2.98216,-163.984,-12.1292,-1.02842e-015,6.12671,18.6123,13.6965,5.93527,-165.587,2.01432,2.32446,0,0,0.157203,0,0,0.00566461,0,0,-0.0166083
3.9,79.2212,-432.44,42.4971,135.876,-239.369,72.2002,23.068,-0.749124,-3.42605,12.66,-1.9211,1.17361,6.88717,2.14259,-12.0414,6.73491,0,0,-8.68538,1.77986,178.789,-81.3156,2.99614,-164.186,-12.7364,-0,6.33357,13.85,11.8343,6.13505,-137.224,-2.80025,2.99073,0,0,0.145368,0,0,0.00393261,0,0,-0.0167808
3.91,79.2433,-432.734,42.2308,135.709,-239.853,73.6275,23.6977,-0.664963,-3.94911,12.7516,-2.06801,0.930223,6.55324,1.97666,-11.1373,6.42932,0,0,-8.57984,1.63628,178.694,-80.9825,3.02206,-164.29,-13.5838,-3.7397e-016,5.34163,10.4242,8.36998,5.14143,-108.395,-11.4171,2.82987,0,0,0.126779,0,0,0.0022061,0,0,-0.0148853
3.92,79.2144,-433.012,41.9671,135.754,-240.37,75.0041,24.3757,-0.595195,-4.46224,12.8861,-2.20424,0.667399,6.22406,1.82834,-10.3244,6.12292,0,0,-8.49109,1.48813,178.618,-80.657,3.05816,-164.311,-14.6811,1.86985e-015,3.48631,7.92122,3.86056,3.28563,-79.3956,-22.5511,2.06153,0,0,0.101698,0,0,0.000387263,0,0,-0.0120021
3.93,79.1342,-433.276,41.6622,135.922,-240.901,76.3577,25.094,-0.547325,-4.94914,13.0453,-2.3248,0.389662,5.90813,1.69602,-9.59548,5.82519,0,0,-8.42228,1.34045,178.567,-80.3221,3.10218,-164.279,-15.9994,-3.0385e-016,1.24553,6.47215,-0.785023,1.04239,-52.4499,-34.1804,0.946234,0,0,0.0731383,0,0,-0.00137931,0,0,-0.00899445
3.94,79.0083,-433.534,41.2632,136.113,-241.432,77.7264,25.8432,-0.52808,-5.39605,13.2097,-2.4256,0.105554,5.61713,1.57743,-8.93951,5.54868,0,0,-8.37577,1.19828,178.544,-79.9575,3.15281,-164.23,-17.4703,3.08525e-015,-0.918696,6.08325,-4.75333,-1.12732,-29.0279,-44.4624,-0.258016,0,0,0.0440099,0,0,-0.00280676,0,0,-0.00626264
3.95,78.8467,-433.799,40.7167,136.233,-241.961,79.1571,26.6139,-0.543223,-5.79322,13.3605,-2.50385,-0.174967,5.36582,1.47031,-8.34486,5.30886,0,0,-8.35314,1.06639,178.553,-79.5396,3.21062,-164.195,-18.9999,8.41432e-016,-2.67338,6.8878,-7.45777,-2.88932,-10.0538,-52.151,-1.38372,0,0,0.0170024,0,0,-0.00365914,0,0,-0.00381386
3.96,78.6625,-434.087,39.9806,136.211,-242.497,80.7018,27.3964,-0.597371,-6.13473,13.4791,-2.55861,-0.444282,5.16882,1.37235,-7.79948,5.12087,0,0,-8.35505,0.949203,178.599,-79.0449,3.27817,-164.202,-20.4852,-9.34925e-016,-3.83479,8.76333,-8.73931,-4.05747,4.67037,-56.8982,-2.30399,0,0,-0.00649576,0,0,-0.00372231,0,0,-0.00147802
3.97,78.4717,-434.413,39.0381,135.999,-243.06,82.4129,28.1808,-0.693574,-6.41776,13.5468,-2.59117,-0.700223,5.03751,1.28113,-7.29034,4.99669,0,0,-8.38137,0.850484,178.682,-78.4525,3.35931,-164.268,-21.8702,9.34925e-017,-4.30466,11.458,-8.57597,-4.53149,15.5671,-58.6808,-2.93319,0,0,-0.0255594,0,0,-0.00276999,0,0,0.000862749
3.98,78.2944,-434.79,37.9104,135.576,-243.682,84.3409,28.9567,-0.833189,-6.64199,13.5453,-2.60492,-0.947624,4.97918,1.19417,-6.80385,4.94402,0,0,-8.43112,0.773351,178.806,-77.7457,3.45852,-164.403,-23.1692,-2.99176e-015,-4.09224,14.5133,-7.19975,-4.31964,23.5896,-57.9433,-3.21176,0,0,-0.0402587,0,0,-0.000588881,0,0,0.00328086
3.99,78.154,-435.227,36.663,134.944,-244.412,86.5339,29.713,-1.0158,-6.80866,13.4564,-2.60503,-1.19713,4.99812,1.10936,-6.32842,4.96758,0,0,-8.50253,0.720206,178.969,-76.9112,3.58062,-164.607,-24.4573,-1.30889e-015,-3.30083,17.1812,-5.04952,-3.52516,30.1743,-55.4986,-3.09753,0,0,-0.0516905,0,0,0.00287891,0,0,0.00588471
4,78.0759,-435.728,35.3962,134.125,-245.314,89.0415,30.4385,-1.23931,-6.91963,13.2636,-2.59777,-1.46179,5.09874,1.02557,-5.85787,5.07206,0,0,-8.59303,0.69283,179.172,-75.9364,3.73088,-164.871,-25.7979,-2.05683e-015,-2.10938,18.9528,-2.64375,-2.327,35.6219,-52.1588,-2.60598,0,0,-0.0597828,0,0,0.00737332,0,0,0.00891133
4.01,78.0824,-436.295,34.2153,133.156,-246.463,91.9187,31.1218,-1.50014,-6.97733,12.9531,-2.59001,-1.75287,5.28917,0.943069,-5.39371,5.2657,0,0,-8.69932,0.69236,179.412,-74.8073,3.91512,-165.179,-27.094,-8.41432e-016,-0.75065,19.1439,-0.538779,-0.956759,40.2939,-48.6471,-1.78542,0,0,-0.0648804,0,0,0.012014,0,0,0.012676
4.02,78.1829,-436.929,33.1931,132.076,-247.937,95.2235,31.7521,-1.79344,-6.98469,12.5155,-2.58841,-2.07759,5.58188,0.863309,-4.94431,5.56102,0,0,-8.81736,0.719267,179.687,-73.5083,4.13902,-165.516,-28.0335,-2.10358e-016,0.531708,17.4257,0.83969,0.343802,43.2207,-45.1816,-0.749866,0,0,-0.0659586,0,0,0.0153948,0,0,0.0172691
4.03,78.3674,-437.632,32.3601,130.92,-249.816,99.0042,32.3202,-2.11354,-6.94567,11.9476,-2.59883,-2.43981,5.98991,0.787977,-4.51929,5.97122,0,0,-8.94249,0.773263,179.994,-72.0274,4.40629,-165.863,-28.1342,3.55271e-015,1.56166,13.4642,1.28299,1.39967,43.2774,-41.4676,0.389617,0,0,-0.0622584,0,0,0.0156135,0,0,0.0220947
4.04,78.5964,-438.421,31.6962,129.709,-252.164,103.28,32.8191,-2.4545,-6.86622,11.2538,-2.62554,-2.84118,6.51984,0.71798,-4.12392,6.50291,0,0,-9.06959,0.853238,180.326,-70.3643,4.71635,-166.209,-26.8676,-4.67462e-016,2.33502,6.85001,1.13224,2.20485,39.7162,-36.2535,1.56838,0,0,-0.0535863,0,0,0.0105299,0,0,0.0256081
4.05,78.8044,-439.337,31.1509,128.456,-255.028,108.02,33.2456,-2.81063,-6.75492,10.4481,-2.67045,-3.28138,7.16319,0.653098,-3.75708,7.14772,0,0,-9.19318,0.957207,180.679,-68.5397,5.06274,-166.547,-23.8654,7.4794e-016,3.015,-2.81224,1.17779,2.91664,32.576,-27.7634,2.81285,0,0,-0.0404377,0,0,-0.00160182,0,0,0.0258064
4.06,78.9146,-440.453,30.687,127.17,-258.446,113.121,33.601,-3.17696,-6.62328,9.55511,-2.73247,-3.75811,7.8893,0.592316,-3.41313,7.87519,0,0,-9.30771,1.08233,181.045,-66.6037,5.43279,-166.867,-19.1612,-3.7397e-016,3.8495,-15.4989,2.37477,3.77355,22.104,-14.4808,4.22661,0,0,-0.0234137,0,0,-0.0208242,0,0,0.0215
4.07,78.8507,-441.882,30.3066,125.871,-262.448,118.407,33.8907,-3.54941,-6.48544,8.61053,-2.80727,-4.26711,8.64438,0.53459,-3.08625,8.63172,0,0,-9.40758,1.22503,181.417,-64.636,5.80927,-167.156,-13.2897,-0,5.05153,-31.2455,5.48414,4.97926,10.6414,4.0549,5.97512,0,0,-0.00446026,0,0,-0.0455399,0,0,0.013508
4.08,78.543,-443.789,30.0517,124.599,-267.074,123.646,34.1243,-3.9247,-6.3568,7.65999,-2.88733,-4.79996,9.35947,0.480185,-2.77799,9.34838,0,0,-9.4875,1.38125,181.786,-62.7376,6.17351,-167.393,-7.19508,1.49588e-015,6.64447,-49.5274,10.6827,6.55344,0.22936,26.8068,8.12867,0,0,0.0149263,0,0,-0.071429,0,0,0.00467327
4.09,77.9375,-446.381,29.987,123.416,-272.382,128.581,34.3142,-4.29994,-6.25292,6.75723,-2.96249,-5.34215,9.96584,0.431472,-2.50183,9.95625,0,0,-9.54263,1.54665,182.143,-61.0134,6.50869,-167.545,-1.95716,7.4794e-016,8.42026,-69.5513,17.5534,8.29373,-6.05636,51.5156,10.5686,0,0,0.0327976,0,0,-0.092286,0,0,-0.00170915
4.1,77.006,-449.894,30.1719,122.395,-278.455,132.976,34.4747,-4.67233,-6.18736,5.96009,-3.02095,-5.87372,10.4117,0.392625,-2.28153,10.4034,0,0,-9.56902,1.71682,182.478,-59.554,6.80192,-167.575,1.57107,-1.49588e-015,10.0038,-88.5552,25.331,9.83863,-9.89921,75.9384,12.8496,0,0,0.0491649,0,0,-0.0990957,0,0,-0.00392643
4.11,75.754,-454.562,30.6397,121.599,-285.388,136.657,34.62,-5.03871,-6.17064,5.32429,-3.05138,-6.37407,10.6731,0.367769,-2.14053,10.6655,0,0,-9.56385,1.88749,182.781,-58.421,7.04523,-167.455,2.92182,-1.49588e-015,11.0235,-104.556,33.2278,10.8313,-10.6715,98.2014,14.485,0,0,0.0625534,0,0,-0.0868569,0,0,-0.00265267
4.12,74.2197,-460.582,31.3893,121.069,-293.279,139.533,34.7624,-5.39508,-6.20807,4.89615,-3.04515,-6.82537,10.7572,0.359596,-2.09416,10.7499,0,0,-9.52576,2.05458,183.043,-57.6398,7.23587,-167.17,2.14922,-0,11.2129,-115.705,40.4284,11.0147,-9.4749,116.913,15.0416,0,0,0.0718154,0,0,-0.0555084,0,0,-0.000134441
4.13,72.469,-468.094,32.3899,120.815,-302.215,141.61,34.91,-5.73646,-6.29914,4.70725,-2.99804,-7.21409,10.699,0.368552,-2.14497,10.6914,0,0,-9.45512,2.21421,183.256,-57.2002,7.37578,-166.726,-0.232307,-1.49588e-015,10.484,-121.364,46.2623,10.3021,-6.38179,131.337,14.3165,0,0,0.0756624,0,0,-0.0108139,0,0,0.00154255
4.14,70.5842,-477.165,33.5957,120.813,-312.252,142.968,35.0669,-6.05697,-6.43745,4.77157,-2.91041,-7.53021,10.5504,0.392976,-2.28351,10.5419,0,0,-9.35416,2.36271,183.413,-57.0659,7.47,-166.15,-3.4296,-7.4794e-016,8.94233,-121.363,50.2848,8.79329,-3.12581,141.39,12.349,0,0,0.0741055,0,0,0.0384113,0,0,0.0016342
4.15,68.6511,-487.792,34.9616,121.014,-323.405,143.735,35.2328,-6.35053,-6.61223,5.0862,-2.78642,-7.76731,10.3666,0.429273,-2.48937,10.3567,0,0,-9.22695,2.49671,183.507,-57.1873,7.52463,-165.481,-6.70282,1.86985e-015,6.91853,-116.67,52.6104,6.8088,-0.269925,147.841,9.49233,0,0,0.067949,0,0,0.0832803,0,0,0.000697379
4.16,66.7467,-499.918,36.4534,121.355,-335.652,144.047,35.4043,-6.61148,-6.81039,5.63432,-2.63264,-7.92228,10.1951,0.472625,-2.73514,10.1834,0,0,-9.07919,2.61319,183.535,-57.5139,7.5453,-164.769,-9.46346,3.7397e-016,4.90341,-109.195,53.8337,4.82927,3.39108,151.646,6.32646,0,0,0.0581146,0,0,0.118359,0,0,-0.000208417
4.17,64.9325,-513.453,38.0485,121.777,-348.947,144.021,35.5759,-6.83521,-7.01786,6.38929,-2.45686,-7.99489,10.0692,0.518265,-2.99377,10.0553,0,0,-8.91793,2.70975,183.495,-58.0022,7.53673,-164.061,-11.3669,7.4794e-016,3.45333,-100.955,54.98,3.40284,9.27362,154.355,3.46698,0,0,0.0459492,0,0,0.142645,0,0,-0.000304193
4.18,63.2536,-528.292,39.7308,122.243,-363.238,143.734,35.7412,-7.01853,-7.22097,7.31907,-2.26733,-7.98805,10.0047,0.562875,-3.24645,9.98852,0,0,-8.75114,2.78472,183.388,-58.621,7.50338,-163.392,-12.3856,2.80477e-015,3.01948,-93.5227,57.0784,2.97573,18.2449,157.469,1.34939,0,0,0.0328295,0,0,0.158221,0,0,0.000554618
4.19,61.7428,-544.339,41.4829,122.751,-378.497,143.218,35.8935,-7.15979,-7.40719,8.39013,-2.0723,-7.90918,10.0036,0.605594,-3.48829,9.98488,0,0,-8.5872,2.83723,183.216,-59.3493,7.45108,-162.776,-12.629,-7.4794e-016,3.73671,-88.0721,60.5372,3.68213,30.7449,161.591,0.0782159,0,0,0.0197662,0,0,0.168818,0,0,0.00205007
4.2,60.4249,-561.516,43.2839,123.342,-394.726,142.467,36.0267,-7.25899,-7.56589,9.57069,-1.8795,-7.76976,10.057,0.648386,-3.73043,10.0355,0,0,-8.43433,2.86727,182.982,-60.1751,7.38779,-162.207,-12.2714,-7.4794e-016,5.3454,-85.2813,64.8335,5.26629,46.3839,165.725,-0.557158,0,0,0.00764407,0,0,0.178346,0,0,0.00380049
4.21,59.3184,-579.771,45.1103,124.087,-411.951,141.448,36.1361,-7.31821,-7.6888,10.8334,-1.69555,-7.58351,10.149,0.695439,-3.99651,10.1241,0,0,-8.30018,2.87592,182.694,-61.0948,7.32262,-161.662,-11.5638,1.49588e-015,7.27716,-85.3083,68.7528,7.16769,64.0986,167.956,-0.935247,0,0,-0.00239511,0,0,0.189797,0,0,0.00561269
4.22,58.434,-599.08,46.9386,125.066,-430.203,140.117,36.2179,-7.34138,-7.77052,12.1568,-1.52525,-7.36391,10.2609,0.751754,-4.31474,10.2315,0,0,-8.19129,2.86518,182.358,-62.1108,7.26393,-161.108,-10.7888,-0,8.83397,-87.914,70.7945,8.69878,82.4189,165.905,-1.40712,0,0,-0.00899807,0,0,0.204858,0,0,0.0073477
4.23,57.7737,-619.44,48.7495,126.339,-449.505,138.433,36.2701,-7.33444,-7.80917,13.5267,-1.37122,-7.12247,10.3756,0.821174,-4.70665,10.3403,0,0,-8.11286,2.83791,181.983,-63.2291,7.21716,-160.519,-10.1566,-2.24382e-015,9.46577,-92.785,69.9115,9.31893,100.607,158.115,-2.13352,0,0,-0.0110453,0,0,0.224397,0,0,0.00866431
4.24,57.3276,-640.867,50.5322,127.921,-469.874,136.368,36.2916,-7.30503,-7.80571,14.9353,-1.23361,-6.86747,10.4816,0.905012,-5.17936,10.4383,0,0,-8.06851,2.79782,181.576,-64.4569,7.18334,-159.882,-9.80544,7.4794e-016,8.90289,-99.5138,65.661,8.76426,118.101,144.192,-3.0498,0,0,-0.00799297,0,0,0.248549,0,0,0.00901608
4.25,57.0742,-663.385,52.2878,129.767,-491.318,133.909,36.2824,-7.26204,-7.76409,16.3813,-1.11052,-6.60175,10.5741,1.00165,-5.72335,10.5208,0,0,-8.06018,2.74914,181.148,-65.8007,7.15847,-159.204,-9.74799,7.4794e-016,7.18848,-107.633,58.2081,7.07848,134.83,124.763,-3.91519,0,0,-0.000136514,0,0,0.277038,0,0,0.00800868
4.26,56.9811,-687.022,54.0295,131.775,-513.841,131.061,36.2423,-7.21497,-7.69038,17.8679,-0.998416,-6.32166,10.6553,1.10697,-6.31503,10.5899,0,0,-8.08802,2.69641,180.707,-67.2656,7.13378,-158.508,-9.94857,2.05683e-015,4.6446,-116.909,48.2864,4.5789,151.798,101.4,-4.40297,0,0,0.01161,0,0,0.310194,0,0,0.00580871
4.27,57.0073,-711.802,55.7821,133.803,-537.439,127.838,36.1708,-7.17342,-7.59175,19.4017,-0.892865,-6.01545,10.7325,1.21563,-6.92399,10.6533,0,0,-8.15061,2.64435,180.26,-68.8556,7.0966,-157.832,-10.3946,-3.7397e-016,1.80844,-126.634,37.1306,1.7939,168.727,76.6419,-4.25803,0,0,0.0260224,0,0,0.347122,0,0,0.00320963
4.28,57.1034,-737.746,57.579,135.689,-562.108,124.267,36.0661,-7.1463,-7.47566,20.9909,-0.789349,-5.66482,10.8176,1.3224,-7.52084,10.7234,0,0,-8.24495,2.59754,179.815,-70.572,7.03283,-157.218,-11.0748,-5.84328e-016,-0.731731,-136.333,26.0894,-0.698014,186.405,53.1242,-3.35299,0,0,0.0424011,0,0,0.387226,0,0,0.00120468
4.29,57.2139,-764.86,59.4608,137.284,-587.846,120.387,35.9247,-7.14138,-7.34825,22.6427,-0.683606,-5.24668,10.9261,1.42384,-8.08635,10.8161,0,0,-8.36679,2.56031,179.378,-72.4114,6.92964,-156.703,-11.9411,1.77636e-015,-2.48821,-144.9,16.3224,-2.41705,203.539,33.1577,-1.78175,0,0,0.0605923,0,0,0.427248,0,0,0.000483389
4.3,57.2791,-793.135,61.4723,138.47,-614.653,116.253,35.741,-7.16479,-7.21387,24.3612,-0.57212,-4.73693,11.0752,1.5191,-8.61592,10.9486,0,0,-8.51084,2.53644,178.955,-74.3651,6.77759,-156.314,-12.9148,3.27224e-015,-3.15671,-151.271,8.6772,-3.0637,218.814,18.3237,0.17286,0,0,0.0812328,0,0,0.462523,0,0,0.00122577
4.31,57.24,-822.536,63.6612,139.18,-642.525,111.931,35.5069,-7.22069,-7.07399,26.1452,-0.45206,-4.11472,11.2804,1.61023,-9.12117,11.1359,0,0,-8.6711,2.52913,178.551,-76.4198,6.57162,-156.06,-13.8691,2.24382e-015,-2.62581,-153.964,3.75966,-2.52865,229.292,9.57912,2.03532,0,0,0.104739,0,0,0.485444,0,0,0.00323908
4.32,57.0416,-853.002,66.0769,139.403,-671.457,107.498,35.2124,-7.31128,-6.92683,27.9862,-0.321188,-3.36769,11.5508,1.70187,-9.62775,11.3859,0,0,-8.84112,2.54101,178.169,-78.5607,6.31124,-155.932,-14.6694,1.68286e-015,-1.04883,-152.037,1.67428,-0.96397,232.609,6.78032,3.3073,0,0,0.13084,0,0,0.489113,0,0,0.00615608
4.33,56.6386,-884.445,68.7706,139.185,-701.439,103.036,34.8458,-7.43669,-6.76771,29.8676,-0.177709,-2.49542,11.8851,1.80027,-10.17,11.6957,0,0,-9.01447,2.574,177.811,-80.7751,5.99951,-155.903,-15.2191,6.31074e-016,1.18859,-144.918,1.98823,1.24919,226.779,8.50356,3.62589,0,0,0.15739,0,0,0.468422,0,0,0.00958528
4.34,55.9993,-916.75,71.797,138.607,-732.45,98.6232,34.3947,-7.59515,-6.58937,31.7647,-0.0199671,-1.51192,12.2678,1.91181,-10.7824,12.048,0,0,-9.18502,2.62943,177.478,-83.057,5.64164,-155.931,-15.5283,-4.20716e-015,3.54605,-133.003,3.79597,3.57856,211.487,12.3133,2.93175,0,0,0.180464,0,0,0.423782,0,0,0.013083
4.35,55.1091,-949.779,75.214,137.776,-764.446,94.3335,33.8471,-7.78322,-6.38314,33.647,0.153705,-0.444485,12.6699,2.04139,-11.4907,12.4118,0,0,-9.34725,2.70802,177.171,-85.4092,5.24392,-155.973,-15.7544,-4.44089e-015,5.43649,-117.717,5.84781,5.4496,188.874,15.002,1.53957,0,0,0.195726,0,0,0.362175,0,0,0.0160392
4.36,53.9759,-983.37,79.0812,136.794,-797.351,90.2295,33.1923,-7.99601,-6.14006,35.4812,0.345253,0.67008,13.0556,2.19125,-12.3053,12.7506,0,0,-9.49647,2.80991,176.889,-87.8394,4.8136,-155.994,-16.1723,2.59442e-015,6.35349,-101.278,6.8356,6.37208,163.045,13.5797,0.0373547,0,0,0.200608,0,0,0.295386,0,0,0.0176234
4.37,52.6328,-1017.34,83.4479,135.737,-831.044,86.367,32.4223,-8.22761,-5.85261,37.2363,0.556926,1.79179,13.3954,2.36031,-13.2182,13.0342,0,0,-9.62905,2.93469,176.63,-90.3501,4.35915,-155.973,-17.0918,-3.70464e-015,5.99134,-84.0589,6.27325,6.05636,134.237,7.02621,-1.21165,0,0,0.190433,0,0,0.229355,0,0,0.016989
4.38,51.1364,-1051.49,88.3343,134.641,-865.351,82.8012,31.5332,-8.47152,-5.5156,38.8854,0.790485,2.8802,13.6743,2.54343,-14.1992,13.2488,0,0,-9.74246,3.08152,176.391,-92.931,3.89013,-155.91,-18.7285,-1.35564e-015,4.33237,-65.2472,4.63765,4.49398,99.1032,-3.41325,-2.16532,0,0,0.156851,0,0,0.165243,0,0,0.0138173
4.39,49.5615,-1085.63,93.7201,133.492,-900.054,79.5947,30.5253,-8.72091,-5.12815,40.4067,1.04495,3.8954,13.8946,2.73079,-15.194,13.3996,0,0,-9.83526,3.24915,176.17,-95.5539,3.41691,-155.827,-21.1022,-1.18619e-015,1.6666,-44.5171,2.98461,1.97163,56.0201,-15.1942,-3.00341,0,0,0.0940494,0,0,0.104286,0,0,0.00890134
4.4,47.9946,-1119.56,99.5491,132.236,-934.897,76.8254,29.4041,-8.96912,-4.69375,41.783,1.31502,4.80027,14.0733,2.90874,-16.1301,13.5086,0,0,-9.90713,3.43606,175.965,-98.1736,2.95035,-155.764,-23.9154,1.30889e-015,-1.47651,-22.3766,2.56273,-0.999049,4.77782,-25.0155,-4.07195,0,0,7.6245e-006,0,0,0.0486727,0,0,0.00415054
4.41,46.5244,-1153.11,105.748,130.799,-969.611,74.5833,28.1796,-9.20962,-4.22079,43.002,1.58956,5.56529,14.2356,3.06201,-16.9293,13.6066,0,0,-9.95868,3.6404,175.77,-100.735,2.50132,-155.77,-26.4313,-2.4308e-015,-4.49274,-1.32703,3.70709,-3.8443,-48.2352,-31.1652,-5.43405,0,0,-0.112729,0,0,0.00430897,0,0,0.00157748
4.42,45.2272,-1186.15,112.248,129.103,-1003.96,72.944,26.866,-9.4364,-3.7219,44.0574,1.85215,6.17496,14.4038,3.17739,-17.5264,13.7217,0,0,-9.99149,3.86011,175.585,-103.187,2.07953,-155.891,-27.7733,-1.04712e-014,-6.87952,16.2007,6.08057,-6.09529,-95.3599,-33.2186,-6.98073,0,0,-0.224204,0,0,-0.0250082,0,0,0.00196101
4.43,44.1543,-1218.6,118.994,127.093,-1037.75,71.9353,25.4798,-9.64386,-3.21254,44.948,2.08302,6.63233,14.5853,3.24688,-17.8841,13.866,0,0,-10.0079,4.0929,175.404,-105.498,1.69241,-156.159,-27.5725,-3.7397e-016,-8.41124,29.6494,8.91873,-7.54647,-132.515,-32.1044,-8.39271,0,0,-0.319768,0,0,-0.0401262,0,0,0.00426539
4.44,43.3253,-1250.39,125.931,124.739,-1070.9,71.5239,24.0383,-9.82703,-2.70944,45.676,2.26142,6.95826,14.7696,3.26865,-17.9959,14.0319,0,0,-10.0108,4.33627,175.227,-107.661,1.34506,-156.594,-25.5428,7.4794e-015,-9.01304,39.9418,11.5589,-8.1413,-157.55,-29.1886,-9.29897,0,0,-0.389313,0,0,-0.0441706,0,0,0.00638545
4.45,42.7311,-1281.51,132.985,122.04,-1103.35,71.605,22.5579,-9.98147,-2.22828,46.243,2.36877,7.18683,14.9256,3.2467,-17.8832,14.189,0,0,-10.0035,4.5875,175.051,-109.692,1.04025,-157.202,-21.9608,7.4794e-016,-8.65855,49.1851,13.8761,-7.85942,-171.529,-25.2048,-9.48573,0,0,-0.431709,0,0,-0.0405435,0,0,0.00655455
4.46,42.3465,-1311.91,140.036,119.031,-1135.14,72.0053,21.0518,-10.1035,-1.78123,46.6451,2.39195,7.35828,15.0054,3.18979,-17.5903,14.2884,0,0,-9.98948,4.84362,174.875,-111.627,0.779368,-157.974,-17.2984,3.7397e-016,-7.38137,60.5596,15.9966,-6.72908,-178.339,-20.8056,-8.73206,0,0,-0.455336,0,0,-0.0308117,0,0,0.00421062
4.47,42.1493,-1341.54,146.903,115.79,-1166.3,72.4803,19.5298,-10.19,-1.37477,46.8691,2.3262,7.50958,14.9451,3.10977,-17.1769,14.264,0,0,-9.97251,5.10135,174.698,-113.513,0.563782,-158.885,-12.3898,1.12191e-015,-5.25068,76.8418,18.0911,-4.79445,-182.754,-16.2593,-6.85596,0,0,-0.47258,0,0,-0.0120877,0,0,0.000331643
4.48,42.1327,-1370.27,153.34,112.438,-1196.89,72.7202,17.9971,-10.2387,-1.00854,46.8901,2.17666,7.66612,14.6693,3.01965,-16.7091,14.037,0,0,-9.95608,5.35705,174.521,-115.404,0.396612,-159.898,-9.17308,2.4308e-015,-2.42235,100.802,20.251,-2.14994,-193.879,-12.0616,-3.64017,0,0,-0.508192,0,0,0.0239391,0,0,-0.00423078
4.49,42.3044,-1397.99,159.033,109.135,-1226.85,72.4089,16.4555,-10.248,-0.675102,46.6717,1.95855,7.83435,14.1197,2.93143,-16.2489,13.5447,0,0,-9.94361,5.6067,174.344,-117.325,0.285585,-160.961,-9.81924,5.60955e-016,0.969571,133.501,22.809,1.12482,-220.233,-7.76187,0.746157,0,0,-0.585349,0,0,0.0921842,0,0,-0.0116747
4.5,42.6796,-1424.51,163.614,106.074,-1255.98,71.3004,14.9055,-10.217,-0.361278,46.1699,1.6953,7.99857,13.291,2.85476,-15.8471,12.7771,0,0,-9.93818,5.84601,174.167,-119.242,0.243583,-162.011,-15.9146,1.49588e-015,4.6769,175.066,26.0618,4.78707,-271.103,-2.85541,5.89517,0,0,-0.728972,0,0,0.212529,0,0,-0.0266082
4.51,43.2707,-1449.66,166.688,103.46,-1283.87,69.2797,13.3485,-10.1456,-0.0509754,45.34,1.41417,8.12181,12.256,2.79629,-15.5396,11.8014,0,0,-9.94249,6.07041,173.991,-121.038,0.284654,-162.972,-27.929,-1.86985e-015,8.30652,222.913,30.1827,8.38557,-351.328,3.75729,10.9417,0,0,-0.950262,0,0,0.402615,0,0,-0.049837
4.52,44.0737,-1473.24,167.886,101.49,-1309.89,66.4023,11.7905,-10.0347,0.271102,44.1464,1.14038,8.15493,11.1723,2.75987,-15.3475,10.7691,0,0,-9.95884,6.27516,173.817,-122.517,0.416653,-163.766,-44.5078,1.86985e-016,11.2509,271.876,34.5088,11.23,-459.278,12.428,15.0385,0,0,-1.2383,0,0,0.664238,0,0,-0.0696874
4.53,45.0521,-1495.05,166.921,100.321,-1333.23,62.9004,10.2447,-9.88582,0.615049,42.5724,0.891395,8.04937,10.2656,2.74668,-15.2779,9.89903,0,0,-9.989,6.45541,173.644,-123.426,0.634655,-164.323,-61.981,5.84328e-015,12.6684,312.864,35.4688,12.4645,-578.702,18.2604,18.6628,0,0,-1.53455,0,0,0.962374,0,0,-0.0623725
4.54,46.1236,-1514.88,163.651,100.035,-1353.08,59.1413,8.73339,-9.70135,0.983139,40.6293,0.676506,7.77073,9.78586,2.75599,-15.3271,9.43456,0,0,-10.0342,6.60641,173.473,-123.508,0.918592,-164.596,-75.2629,-0,11.8908,335.733,29.1059,11.5411,-686.583,16.0665,22.5549,0,0,-1.75502,0,0,1.22336,0,0,-0.0118476
4.55,47.1514,-1532.5,158.128,100.597,-1368.77,55.5371,7.2885,-9.48406,1.36784,38.3614,0.498594,7.30718,9.93371,2.78415,-15.4756,9.57009,0,0,-10.0953,6.72365,173.303,-122.578,1.23805,-164.574,-79.6867,-3.36573e-015,8.82841,332.858,13.2024,8.55656,-761.068,2.57409,27.1206,0,0,-1.82201,0,0,1.35997,0,0,0.0661718
4.56,47.9518,-1547.76,150.621,101.84,-1380.05,52.4316,5.94984,-9.23695,1.75232,35.8455,0.357377,6.67117,10.7763,2.82271,-15.6786,10.3708,0,0,-10.1727,6.80325,173.133,-120.604,1.56133,-164.292,-73.2491,-7.4794e-016,4.27849,303.03,-10.4202,4.36168,-790.842,-20.5922,31.727,0,0,-1.70316,0,0,1.31943,0,0,0.128083
4.57,48.3193,-1560.55,141.599,103.489,-1387.18,50.019,4.76215,-8.96248,2.1129,33.186,0.252607,5.89644,12.2048,2.85893,-15.869,11.7329,0,0,-10.2664,6.84215,172.963,-117.756,1.86325,-163.827,-58.1345,5.23558e-015,-0.0534462,253.11,-34.6465,0.470004,-781.418,-44.9073,34.4054,0,0,-1.43152,0,0,1.1212,0,0,0.140384
4.58,48.0691,-1570.87,131.667,105.243,-1390.89,48.3392,3.77029,-8.66223,2.42195,30.5054,0.1854,5.03216,13.9737,2.88121,-15.9859,13.423,0,0,-10.3761,6.83856,172.792,-114.356,2.12922,-163.256,-39.4795,-7.4794e-016,-2.69213,194.027,-51.4359,-1.92171,-746.402,-60.5341,33.519,0,0,-1.07347,0,0,0.838569,0,0,0.108085
4.59,47.0854,-1578.83,121.463,106.864,-1392.18,47.3178,3.01419,-8.33635,2.65299,27.9305,0.15791,4.13394,15.8019,2.88443,-16.0027,15.1745,0,0,-10.5015,6.79218,172.62,-110.771,2.35441,-162.626,-22.4434,-2.99176e-015,-3.43744,135.029,-56.8153,-2.7203,-695.664,-63.3615,29.017,0,0,-0.689486,0,0,0.547523,0,0,0.0612817
4.6,45.3592,-1584.69,111.551,108.208,-1392.05,46.8116,2.52343,-7.98372,2.78496,25.5771,0.170329,3.25819,17.4668,2.87065,-15.9305,16.7757,0,0,-10.6416,6.70447,172.449,-107.316,2.53915,-161.953,-9.97617,7.4794e-016,-2.93602,81.2938,-50.8713,-2.46499,-632.436,-53.9582,21.9081,0,0,-0.326592,0,0,0.297239,0,0,0.0248239
4.61,43.0031,-1588.77,102.356,109.219,-1391.33,46.6521,2.31384,-7.60222,2.80453,23.5372,0.216689,2.45889,18.8451,2.84626,-15.8024,18.1076,0,0,-10.7957,6.57867,172.28,-104.191,2.68485,-161.241,-2.66412,-1.40239e-015,-1.90845,34.1443,-35.9793,-1.7034,-554.723,-35.0123,13.4911,0,0,-0.0243152,0,0,0.107696,0,0,0.00582503
4.62,40.2338,-1591.43,94.1281,109.909,-1390.56,46.6839,2.38526,-7.18985,2.7084,21.8713,0.283104,1.78697,19.9038,2.81976,-15.6631,19.1353,0,0,-10.9624,6.41983,172.115,-101.496,2.79218,-160.499,0.354921,-2.29057e-015,-0.998443,-5.31191,-16.0771,-0.958345,-465.364,-11.1613,5.0085,0,0,0.184093,0,0,-0.0133711,0,0,-0.000276031
4.63,37.3284,-1593.07,86.9562,110.33,-1390.05,46.7888,2.72216,-6.7458,2.50249,20.6057,0.348379,1.28664,20.6686,2.79944,-15.5562,19.8789,0,0,-11.1401,6.23452,171.96,-99.2461,2.8614,-159.746,0.416544,7.02362e-015,-0.60689,-36.9042,4.42042,-0.590305,-368.331,12.3473,-2.60889,0,0,0.284094,0,0,-0.0705801,0,0,-0.000344177
4.64,34.5682,-1594.03,80.8059,110.549,-1389.9,46.8935,3.29545,-6.27136,2.20069,19.7338,0.387891,0.990747,21.1927,2.79171,-15.5154,20.3853,0,0,-11.3267,6.03037,171.817,-97.4128,2.89287,-159.014,-1.19885,-6.03026e-015,-0.830086,-60.3417,21.8414,-0.715586,-270.786,31.0948,-8.78153,0,0,0.285049,0,0,-0.076049,0,0,0.000912975
4.65,32.1852,-1594.61,75.5689,110.628,-1390.07,46.966,4.06592,-5.77081,1.82305,19.221,0.378934,0.916233,21.5333,2.80027,-15.5606,20.707,0,0,-11.5198,5.81573,171.692,-95.9423,2.88771,-158.341,-3.5175,5.18883e-015,-1.53761,-75.8701,33.8492,-1.2499,-179.112,42.5772,-13.1922,0,0,0.215075,0,0,-0.0485616,0,0,0.00142941
4.66,30.3256,-1595.02,71.1131,110.612,-1390.49,47.0034,4.9884,-5.2515,1.39319,19.0123,0.305743,1.06152,21.7388,2.82618,-15.6969,20.8893,0,0,-11.7165,5.59907,171.591,-94.7749,2.84782,-157.765,-5.90416,-6.1705e-015,-2.44486,-84.1209,39.6448,-1.95981,-99.4185,46.1555,-15.6941,0,0,0.112141,0,0,-0.00834453,0,0,0.000788969
4.67,29.0378,-1595.39,67.3232,110.529,-1391.04,47.0196,6.01643,-4.72348,0.935434,19.0407,0.162535,1.40767,21.8429,2.86847,-15.9191,20.9648,0,0,-11.9137,5.38848,171.518,-93.855,2.77577,-157.314,-8.00359,1.30889e-015,-3.25513,-85.7116,39.814,-2.59031,-36.4699,42.9612,-16.3476,0,0,0.0122483,0,0,0.0280715,0,0,-0.000706892
4.68,28.2833,-1595.8,64.1251,110.392,-1391.61,47.0329,7.1065,-4.19885,0.47178,19.2368,-0.0460761,1.92061,21.8634,2.92471,-16.2137,20.9519,0,0,-12.1082,5.19125,171.48,-93.1365,2.67512,-157.001,-9.65855,-4.20716e-015,-3.73745,-81.638,35.8435,-2.93832,7.4315,35.1841,-15.4175,0,0,-0.060416,0,0,0.0509324,0,0,-0.00258915
4.69,27.9658,-1596.25,61.4892,110.212,-1392.14,47.059,8.22121,-3.69083,0.0191036,19.5355,-0.307297,2.55475,21.8051,2.99131,-16.5615,20.8572,0,0,-12.297,5.01369,171.48,-92.5839,2.55138,-156.823,-10.8454,-1.63612e-015,-3.79616,-73.115,29.4832,-2.91945,32.9935,24.9576,-13.3277,0,0,-0.0972614,0,0,0.0578808,0,0,-0.00448997
4.7,27.9632,-1596.72,59.4138,109.999,-1392.55,47.1061,9.3309,-3.21263,-0.4112,19.8808,-0.60341,3.25657,21.6639,3.06374,-16.9383,20.6799,0,0,-12.4773,4.86089,171.521,-92.1701,2.41279,-156.765,-11.6152,-7.24567e-015,-3.4606,-61.5379,22.3937,-2.56095,43.0399,14.2614,-10.6041,0,0,-0.1022,0,0,0.0520347,0,0,-0.0062298
4.71,28.1564,-1597.19,57.8944,109.764,-1392.82,47.1745,10.4133,-2.77647,-0.814014,20.2264,-0.915608,3.96949,21.4314,3.1367,-17.3162,20.4156,0,0,-12.6469,4.73669,171.605,-91.8733,2.27039,-156.802,-12.0889,4.86161e-015,-2.83959,-49.21,15.7343,-1.95917,44.7744,4.31751,-7.7229,0,0,-0.0912474,0,0,0.0394563,0,0,-0.00781392
4.72,28.448,-1597.62,56.8913,109.522,-1392.94,47.2588,11.452,-2.39276,-1.18759,20.5356,-1.2264,4.6395,21.0999,3.2047,-17.6671,20.0608,0,0,-12.8041,4.64376,171.733,-91.6739,2.13659,-156.907,-12.4047,3.49428e-015,-2.08969,-38.0832,10.1591,-1.25313,44.5791,-4.06582,-5.06149,0,0,-0.0786335,0,0,0.0257683,0,0,-0.00937748
4.73,28.7687,-1597.97,56.3149,109.281,-1392.92,47.3519,12.4342,-2.06931,-1.5315,20.7791,-1.52127,5.2212,20.6653,3.26284,-17.966,19.6152,0,0,-12.9481,4.58348,171.904,-91.5529,2.02278,-157.054,-12.6717,2.33147e-015,-1.35396,-29.5408,5.91125,-0.570855,47.0289,-10.6296,-2.8588,0,0,-0.0728701,0,0,0.0144009,0,0,-0.0110663
4.74,29.0744,-1598.22,56.0362,109.046,-1392.79,47.4483,13.3497,-1.81089,-1.84422,20.9334,-1.78921,5.68137,20.1283,3.30735,-18.1942,19.0819,0,0,-13.0787,4.55609,172.115,-91.4915,1.93746,-157.221,-12.9504,3.28977e-015,-0.729456,-24.0299,3.08147,-0.000602125,53.4052,-14.934,-1.25762,0,0,-0.0749154,0,0,0.0062748,0,0,-0.0129442
4.75,29.34,-1598.38,55.9127,108.815,-1392.57,47.5457,14.1896,-1.61891,-2.12251,20.9804,-2.02295,6.00023,19.4941,3.33588,-18.3401,18.4671,0,0,-13.1965,4.56044,172.362,-91.4721,1.8852,-157.396,-13.2536,5.43425e-016,-0.246408,-21.4302,1.63799,0.428923,62.6114,-16.7378,-0.288298,0,0,-0.0809837,0,0,0.000625227,0,0,-0.0149641
4.76,29.5534,-1598.44,55.8151,108.586,-1392.32,47.6453,14.9472,-1.49172,-2.36153,20.9078,-2.21855,6.17052,18.7715,3.34743,-18.3991,17.7789,0,0,-13.3027,4.59421,172.641,-91.4796,1.86669,-157.569,-13.5503,-4.31964e-015,0.103624,-21.0943,1.42716,0.723383,72.1031,-16.0088,0.112597,0,0,-0.0856948,0,0,-0.00398298,0,0,-0.0169935
4.77,29.7116,-1598.44,55.6434,108.353,-1392.05,47.7506,15.6186,-1.42501,-2.55632,20.7094,-2.37511,6.19618,17.9712,3.34227,-18.3727,17.0264,0,0,-13.3989,4.65389,172.945,-91.5024,1.87936,-157.74,-13.7895,1.5419e-015,0.365176,-22.4277,2.14814,0.922884,79.5286,-13.0495,0.1066,0,0,-0.0854324,0,0,-0.00882396,0,0,-0.0188691
4.78,29.8175,-1598.4,55.3346,108.115,-1391.81,47.8656,16.2033,-1.41223,-2.70301,20.3863,-2.49419,6.08877,17.1048,3.32161,-18.2671,16.2184,0,0,-13.4873,4.73484,173.268,-91.5327,1.91852,-157.909,-13.9247,-1.78147e-015,0.559133,-24.5218,3.37028,1.04695,82.3024,-8.79295,-0.112936,0,0,-0.0782303,0,0,-0.0144268,0,0,-0.0204497
4.79,29.8787,-1598.35,54.8662,107.867,-1391.61,47.9923,16.7048,-1.44535,-2.80052,19.9466,-2.57939,5.86588,16.1841,3.28734,-18.0917,15.3637,0,0,-13.57,4.83159,173.605,-91.5672,1.97818,-158.079,-13.9114,4.49494e-015,0.68874,-26.5983,4.61537,1.09978,79.1511,-4.24701,-0.361483,0,0,-0.0652806,0,0,-0.0204685,0,0,-0.0216092
4.8,29.9076,-1598.31,54.2529,107.607,-1391.5,48.1285,17.1308,-1.51519,-2.85172,19.405,-2.63597,5.54754,15.2198,3.2414,-17.856,14.4702,0,0,-13.6494,4.93803,173.948,-91.6064,2.05189,-158.252,-13.7889,-4.0892e-015,0.74562,-27.6422,5.55723,1.07757,68.6349,-0.441141,-0.540118,0,0,-0.0484614,0,0,-0.0256327,0,0,-0.0223682
4.81,29.9199,-1598.31,53.5375,107.328,-1391.5,48.2685,17.4924,-1.61208,-2.86394,18.7814,-2.67039,5.15418,14.2213,3.18532,-17.5673,13.5451,0,0,-13.7276,5.04773,174.292,-91.6535,2.13331,-158.431,-13.671,-5.64461e-015,0.745782,-26.7326,6.22132,1.00065,50.3457,2.55791,-0.672025,0,0,-0.0302294,0,0,-0.0281017,0,0,-0.0229181
4.82,29.9335,-1598.36,52.7776,107.025,-1391.62,48.4063,17.8033,-1.72605,-2.84812,18.0976,-2.68973,4.7035,13.1965,3.11968,-17.2282,12.5944,0,0,-13.8063,5.15406,174.633,-91.7127,2.21671,-158.619,-13.6624,2.57141e-015,0.726903,-22.8707,6.75309,0.90785,23.2677,4.74154,-0.819242,0,0,-0.0115776,0,0,-0.0258954,0,0,-0.023463
4.83,29.9652,-1598.47,52.0323,106.698,-1391.86,48.539,18.0784,-1.84744,-2.81825,17.3753,-2.70119,4.20718,12.1509,3.0437,-16.8342,11.6228,0,0,-13.887,5.25056,174.964,-91.7878,2.29722,-158.816,-13.8126,-3.33523e-015,0.74952,-17.4323,6.59868,0.857933,-7.72677,5.28861,-0.769128,0,0,0.00473389,0,0,-0.0203675,0,0,-0.0241164
4.84,30.0269,-1598.64,51.3509,106.35,-1392.17,48.6679,18.333,-1.96688,-2.79062,16.6352,-2.71101,3.67379,11.0929,2.9561,-16.3778,10.6375,0,0,-13.9704,5.33092,175.284,-91.8783,2.37001,-159.023,-14.1222,-2.94355e-016,0.893142,-12.2484,5.4408,0.928229,-37.2686,3.75648,-0.352522,0,0,0.0177801,0,0,-0.0141291,0,0,-0.0248963
4.85,30.1241,-1598.87,50.7641,105.988,-1392.52,48.7969,18.5815,-2.0759,-2.78235,15.897,-2.72329,3.11161,10.0368,2.85616,-15.8544,9.65121,0,0,-14.0568,5.38937,175.589,-91.9778,2.42991,-159.234,-14.5378,2.47171e-015,1.22093,-8.59477,3.36332,1.18165,-61.8876,0.550356,0.471318,0,0,0.0283631,0,0,-0.00924554,0,0,-0.025662
4.86,30.2564,-1599.15,50.2839,105.625,-1392.87,48.9291,18.8365,-2.16712,-2.81012,15.1804,-2.73948,2.53228,9.00255,2.74477,-15.2678,8.68231,0,0,-14.1457,5.42072,175.876,-92.0747,2.47164,-159.442,-14.9374,4.00849e-015,1.75184,-8.69573,0.227088,1.64004,-75.6487,-4.58754,1.82124,0,0,0.0354769,0,0,-0.00863084,0,0,-0.0260774
4.87,30.4191,-1599.46,49.9091,105.272,-1393.2,49.0625,19.1085,-2.23454,-2.88817,14.5053,-2.7576,1.95422,8.01795,2.62549,-14.636,7.75613,0,0,-14.2361,5.42066,176.144,-92.1528,2.49062,-159.633,-15.2096,-3.00345e-015,2.43488,-12.5463,-3.37981,2.25806,-78.1744,-10.8054,3.51184,0,0,0.039484,0,0,-0.0116827,0,0,-0.0257745
4.88,30.6058,-1599.78,49.635,104.947,-1393.51,49.1882,19.4053,-2.27364,-3.02738,13.8916,-2.77311,1.40221,7.11445,2.5044,-13.9908,6.90236,0,0,-14.3265,5.38575,176.392,-92.1937,2.48445,-159.789,-15.2906,-4.89667e-015,3.17067,-17.8141,-6.09192,2.94182,-74.4079,-15.7829,5.05333,0,0,0.0421648,0,0,-0.0148899,0,0,-0.0245128
4.89,30.8106,-1600.11,49.4603,104.669,-1393.81,49.291,19.7318,-2.28131,-3.23402,13.3566,-2.78098,0.9003,6.31746,2.38822,-13.3682,6.14562,0,0,-14.415,5.31358,176.619,-92.1837,2.45403,-159.894,-15.1567,-1.58937e-015,3.81069,-21.873,-6.90508,3.54582,-69.9053,-17.8468,5.99893,0,0,0.0451641,0,0,-0.0154568,0,0,-0.0222673
4.9,31.029,-1600.41,49.3919,104.462,-1394.13,49.354,20.0905,-2.25579,-3.50952,12.9115,-2.77771,0.463082,5.63854,2.28206,-12.7965,5.49806,0,0,-14.4995,5.2028,176.824,-92.1181,2.40297,-159.935,-14.8757,-2.10358e-015,4.15519,-22.734,-5.52739,3.8694,-69.03,-16.7176,6.03704,0,0,0.0498364,0,0,-0.0127475,0,0,-0.0193203
4.91,31.2573,-1600.69,49.4422,104.34,-1394.5,49.3654,20.4813,-2.19641,-3.85107,12.5605,-2.76286,0.0923913,5.07333,2.18812,-12.2884,4.95678,0,0,-14.5779,5.05307,177.007,-92.0025,2.33612,-159.905,-14.6008,1.07516e-015,4.0161,-19.843,-2.26722,3.71965,-72.4366,-12.9728,5.04626,0,0,0.0559018,0,0,-0.00824063,0,0,-0.0161799
4.92,31.4909,-1600.92,49.6213,104.307,-1394.94,49.327,20.902,-2.1033,-4.2516,12.3002,-2.73928,-0.221989,4.60377,2.10524,-11.8384,4.50565,0,0,-14.648,4.86497,177.168,-91.8497,2.25812,-159.81,-14.4917,-5.96014e-016,3.25441,-12.9496,2.06841,2.95152,-81.2139,-8.09731,3.05557,0,0,0.0639876,0,0,-0.00361557,0,0,-0.013298
4.93,31.7224,-1601.09,49.925,104.349,-1395.47,49.2574,21.3491,-1.9773,-4.70063,12.1205,-2.71267,-0.498109,4.20309,2.02918,-11.4241,4.11968,0,0,-14.7079,4.63995,177.308,-91.6763,2.17241,-159.666,-14.62,-6.00105e-015,1.85769,-3.75913,6.29743,1.54831,-91.4491,-4.0442,0.373223,0,0,0.0718211,0,0,-0.000591811,0,0,-0.0108816
4.94,31.9407,-1601.19,50.3245,104.43,-1396.05,49.1921,21.8172,-1.81977,-5.18436,12.0061,-2.68988,-0.753946,3.84287,1.95405,-11.0137,3.77199,0,0,-14.7561,4.38018,177.427,-91.4971,2.08104,-159.501,-14.8962,-6.35749e-015,-0.0425653,6.18171,9.23126,-0.358634,-100.581,-2.85726,-2.56557,0,0,0.0784391,0,0,0.00055801,0,0,-0.00885153
4.95,32.1334,-1601.21,50.7622,104.495,-1396.63,49.1755,22.3003,-1.63246,-5.68669,11.9395,-2.67719,-1.00187,3.49893,1.87365,-10.5732,3.43943,0,0,-14.7912,4.08834,177.526,-91.3216,1.98495,-159.354,-15.057,-5.3875e-015,-1.97311,15.7246,11.1545,-2.29195,-107.311,-3.4943,-5.31363,0,0,0.0829958,0,0,0.000533819,0,0,-0.00719201
4.96,32.291,-1601.16,51.1609,104.491,-1397.13,49.2467,22.7916,-1.41721,-6.19039,11.9011,-2.67955,-1.24836,3.14816,1.78318,-10.076,3.09958,0,0,-14.8125,3.76736,177.606,-91.1579,1.8846,-159.264,-14.8134,-3.07356e-015,-3.34566,24.991,13.3299,-3.65799,-113.634,-2.967,-7.56566,0,0,0.0860899,0,0,0.000521602,0,0,-0.00613527
4.97,32.4133,-1601.08,51.4427,104.388,-1397.51,49.423,23.2841,-1.17566,-6.67894,11.8705,-2.70087,-1.49833,2.76073,1.68011,-9.50763,2.72278,0,0,-14.8192,3.42006,177.668,-91.0213,1.77982,-159.255,-14.1482,2.40743e-015,-3.95606,33.008,15.7756,-4.25252,-118.765,-1.12573,-9.08101,0,0,0.0870826,0,0,0.00143705,0,0,-0.00598995
4.98,32.5107,-1601.01,51.543,104.184,-1397.75,49.6989,23.7716,-0.909233,-7.13729,11.8287,-2.74386,-1.75765,2.30208,1.56424,-8.86636,2.27455,0,0,-14.8112,3.04903,177.713,-90.9332,1.66967,-159.339,-13.1014,2.62948e-015,-3.76842,39.4748,18.6081,-4.04088,-123.684,2.38639,-9.83331,0,0,0.0864764,0,0,0.00392074,0,0,-0.00695344
4.99,32.6002,-1601.01,51.4144,103.904,-1397.88,50.049,24.2499,-0.619161,-7.55441,11.7606,-2.81026,-2.03357,1.73755,1.43715,-8.16042,1.71997,0,0,-14.7886,2.65639,177.741,-90.9185,1.55223,-159.51,-11.9714,3.35404e-015,-3.15414,43.8841,20.9727,-3.40064,-127.048,5.76053,-9.98403,0,0,0.0842022,0,0,0.00781042,0,0,-0.00876498
5,32.6952,-1601.15,51.027,103.585,-1397.95,50.4432,24.7163,-0.306359,-7.92284,11.6561,-2.90082,-2.33265,1.03957,1.30116,-7.40225,1.03088,0,0,-14.7515,2.24366,177.753,-90.9983,1.42487,-159.755,0,0,0,0,0,0,0,0,0,0,0,0,0,0,0,0,0,0
5.01,32.7995,-1601.43,50.3664,103.257,-1398,50.8584,25.1697,0.0284257,-8.2392,11.5101,-3.01574,-2.65942,0.19174,1.15804,-6.60143,0.190464,0,0,-14.7002,1.81182,177.75,-91.1859,1.28447,-160.064,0,0,0,0,0,0,0,0,0,0,0,0,0,0,0,0,0,0
5.02,32.9115,-1601.87,49.4312,102.935,-1398.06,51.2814,25.6103,0.384882,-8.5026,11.3206,-3.15504,-3.01587,-0.813718,1.00867,-5.76284,-0.809602,0,0,-14.6349,1.36122,177.732,-91.4876,1.12765,-160.428,0,0,0,0,0,0,0,0,0,0,0,0,0,0,0,0,0,0
5.03,33.0313,-1602.47,48.2265,102.626,-1398.13,51.7069,26.0382,0.762938,-8.71333,11.0861,-3.31922,-3.40452,-1.98224,0.852601,-4.88393,-1.97506,0,0,-14.5559,0.891936,177.699,-91.9073,0.950202,-160.848,0,0,0,0,0,0,0,0,0,0,0,0,0,0,0,0,0,0

