Frame number,130
First frame,315
Point frequency,100
Analog frequency,200

Time,RHEE,,,RTOE,,,RHipAngles,,,RKneeAngles,,,RAnkleAngles,,,RAbsAnkleAngle,,,RPelvisAngles,,,RFootProgressAngles,,,RAnkleMoment,,,RKneeMoment,,,RHipMoment,,,RHipPower,,,RKneePower,,,RAnklePower,,
s,mm,mm,mm,mm,mm,mm,deg,deg,deg,deg,deg,deg,deg,deg,deg,deg,deg,deg,deg,deg,deg,deg,deg,deg,Nmm,Nmm,Nmm,Nmm,Nmm,Nmm,Nmm,Nmm,Nmm,W,W,W,W,W,W,W,W,W
,X,Y,Z,X,Y,Z,X,Y,Z,X,Y,Z,X,Y,Z,X,Y,Z,X,Y,Z,X,Y,Z,X,Y,Z,X,Y,Z,X,Y,Z,X,Y,Z,X,Y,Z,X,Y,Z
3.14,-75.9584,-116.3,35.6944,-135.043,-288.161,120.756,42.5425,-3.46416,-4.7955,5.50297,-2.88399,-7.88187,5.78221,0.702665,-4.03736,5.76779,0,0,17.4449,-2.46073,1.04331,-116.391,-5.53236,-17.2384,0,0,0,0,0,0,0,0,0,0,0,0,0,0,0,0,0,0
3.15,-75.8276,-120.766,34.2007,-134.26,-296.827,109.713,41.9431,-3.15117,-4.00265,5.95637,-2.6246,-8.50321,3.9757,0.762137,-4.37339,3.9641,0,0,17.4531,-2.02625,1.30805,-113.412,-4.74926,-17.0556,0,0,0,0,0,0,0,0,0,0,0,0,0,0,0,0,0,0
3.16,-75.9878,-124.624,33.4448,-133.62,-304.585,99.4148,41.3762,-2.77145,-3.32521,6.57568,-2.37951,-8.64706,2.28438,0.865232,-4.95516,2.27583,0,0,17.4134,-1.5948,1.4705,-110.447,-4.07345,-16.7938,0,0,0,0,0,0,0,0,0,0,0,0,0,0,0,0,0,0
3.17,-76.4311,-127.887,33.3846,-133.134,-311.422,89.9051,40.8439,-2.32718,-2.7637,7.36671,-2.14892,-8.31667,0.739009,1.01074,-5.77445,0.735261,0,0,17.3291,-1.16784,1.53149,-107.531,-3.53325,-16.4544,0,0,0,0,0,0,0,0,0,0,0,0,0,0,0,0,0,0
3.18,-77.1321,-130.588,33.9206,-132.824,-317.319,81.2648,40.365,-1.79806,-2.19594,8.33895,-1.92052,-7.56828,-0.609229,1.20434,-6.8608,-0.604853,0,0,17.2088,-0.753475,1.44479,-104.726,-3.15854,-16.0497,-36.9545,2.61779e-015,6.86728,-16.8872,43.0558,6.04159,-167.742,87.7264,0.850108,0,0,-0.228227,0,0,0.00966701,0,0,-0.0636724
3.19,-78.0383,-132.776,34.8995,-132.719,-322.278,73.5813,39.8802,-1.25902,-1.98133,9.45247,-1.74438,-6.38572,-1.68353,1.41454,-8.03456,-1.66699,0,0,17.0451,-0.338694,1.35928,-102.102,-2.92869,-15.622,-38.9142,-4.48764e-015,8.7971,-24.3905,39.8297,7.66977,-75.051,64.9214,2.36787,0,0,-0.128483,0,0,0.0236288,0,0,-0.0437354
3.2,-79.0708,-134.518,36.1437,-132.848,-326.35,66.9077,39.4366,-0.647413,-1.75009,10.7049,-1.58145,-4.96486,-2.44882,1.65621,-9.37556,-2.41609,0,0,16.8581,0.0530212,1.13719,-99.7308,-2.84198,-15.2087,-39.5559,-1.49588e-015,10.245,-15.0465,33.2009,8.81191,-58.6822,40.7607,3.23759,0,0,-0.0918146,0,0,0.00370111,0,0,-0.019664
3.21,-80.1354,-135.889,37.4835,-133.219,-329.658,61.2497,39.0016,0.00238391,-1.61385,12.0372,-1.45354,-3.41555,-2.88241,1.90692,-10.7556,-2.83174,0,0,16.6519,0.41867,0.837192,-97.6562,-2.84104,-14.8617,-39.0654,-1.30889e-015,10.7423,1.04696,23.9415,9.05468,-59.8079,12.011,3.86514,0,0,-0.0623235,0,0,-0.0312676,0,0,0.00341138
3.22,-81.137,-136.969,38.7794,-133.813,-332.373,56.5703,38.5582,0.675566,-1.56222,13.3879,-1.36689,-1.87011,-2.99296,2.15242,-12.0947,-2.92647,0,0,16.4361,0.747505,0.473047,-95.8995,-2.86793,-14.6206,-37.6207,3.7397e-016,10.1564,14.0781,12.5365,8.30886,-42.6191,-23.2859,4.75618,0,0,-0.00927218,0,0,-0.055696,0,0,0.0212339
3.23,-81.9911,-137.825,39.9326,-134.58,-334.678,52.7981,38.0894,1.35462,-1.58538,14.6952,-1.32661,-0.431965,-2.80988,2.38042,-13.3263,-2.73415,0,0,16.2199,1.02801,0.0609664,-94.4595,-2.87211,-14.5083,-35.3873,9.34925e-016,8.69475,19.6775,0.951155,6.80519,2.48649,-62.9776,5.86142,0,0,0.0711062,0,0,-0.058985,0,0,0.0325175
3.24,-82.634,-138.513,40.8872,-135.445,-336.725,49.8338,37.5803,2.02094,-1.67409,15.906,-1.33665,0.83034,-2.37805,2.58101,-14.3994,-2.30332,0,0,16.012,1.24942,-0.381698,-93.3155,-2.81972,-14.5279,-32.512,-2.61779e-015,6.65638,22.4893,-9.32184,4.84285,47.7162,-98.0751,6.79852,0,0,0.148471,0,0,-0.0540495,0,0,0.0372665
3.25,-83.0311,-139.072,41.6264,-136.325,-338.609,47.5567,37.0863,2.57989,-1.66987,16.9891,-1.35597,1.83851,-1.76003,2.75649,-15.3297,-1.69738,0,0,15.8712,1.32697,-0.833746,-92.4326,-2.70864,-14.6592,-29.0859,1.14528e-015,4.54502,39.3506,-14.2143,2.90183,-23.8275,-103.388,6.41466,0,0,0.0809192,0,0,-0.0737535,0,0,0.0371507
3.26,-83.1792,-139.528,42.1643,-137.144,-340.371,45.8355,36.4639,3.16569,-1.86562,17.8957,-1.47099,2.64758,-1.00685,2.879,-15.9743,-0.967956,0,0,15.6971,1.40729,-1.28352,-91.7558,-2.5132,-14.8903,-25.7197,4.20716e-016,2.66076,38.0439,-15.9799,1.24051,-5.02531,-110.289,5.71492,0,0,0.0962065,0,0,-0.0587849,0,0,0.0343822
3.27,-83.1046,-139.902,42.5351,-137.85,-342.001,44.5445,35.7128,3.7735,-2.21219,18.6117,-1.67447,3.23895,-0.18067,2.94632,-16.3267,-0.173398,0,0,15.4939,1.49109,-1.73091,-91.2361,-2.25131,-15.191,-22.7165,2.14741e-016,1.21942,22.7701,-15.6772,0.0300016,82.926,-118.793,4.82943,0,0,0.207039,0,0,-0.0298794,0,0,0.0307109
3.28,-82.8549,-140.209,42.7828,-138.419,-343.463,43.5739,34.9622,4.23062,-2.4304,19.1501,-1.8762,3.54529,0.655683,2.9755,-16.479,0.628749,0,0,15.3656,1.42525,-2.14392,-90.8335,-1.96456,-15.5227,-20.0906,-8.47275e-016,0.255341,22.6587,-10.6303,-0.722659,57.264,-101.247,2.57876,0,0,0.150568,0,0,-0.021857,0,0,0.026881
3.29,-82.4888,-140.462,42.9527,-138.849,-344.721,42.8331,34.1481,4.61047,-2.64219,19.5061,-2.10896,3.62033,1.46799,2.95962,-16.3961,1.40828,0,0,15.2593,1.29237,-2.5239,-90.5077,-1.66434,-15.867,-18.1054,1.28406e-015,-0.316619,20.9248,-4.34921,-1.11997,35.5178,-79.9546,0.120681,0,0,0.0926014,0,0,-0.0124277,0,0,0.0235479
3.3,-82.0659,-140.671,43.0849,-139.157,-345.75,42.2539,33.274,4.9112,-2.83637,19.6915,-2.36281,3.50457,2.2318,2.90619,-16.1168,2.14404,0,0,15.1727,1.10083,-2.8669,-90.2313,-1.37242,-16.2042,-16.7513,-7.19454e-016,-0.538743,15.0097,1.253,-1.20575,32.7603,-61.1365,-1.83103,0,0,0.0725872,0,0,-0.00321609,0,0,0.0208802
3.31,-81.6398,-140.849,43.2115,-139.373,-346.548,41.7893,32.3438,5.13488,-3.00622,19.7234,-2.6282,3.25947,2.93754,2.82706,-15.7015,2.82783,0,0,15.1023,0.860871,-3.1719,-89.9867,-1.107,-16.5202,-15.8895,4.42309e-016,-0.473236,8.31925,6.3169,-1.03493,29.1858,-41.5235,-3.31595,0,0,0.055838,0,0,0.00273147,0,0,0.0186433
3.32,-81.2527,-141.006,43.355,-139.535,-347.131,41.4093,31.3617,5.28642,-3.14907,19.6214,-2.89647,2.95862,3.58696,2.73638,-15.2236,3.46093,0,0,15.0439,0.583456,-3.44017,-89.7641,-0.880847,-16.8061,-15.418,3.71413e-016,-0.299905,0.453025,9.89057,-0.780833,37.9715,-26.8483,-4.0894,0,0,0.0672029,0,0,0.00439009,0,0,0.0167938
3.33,-80.9335,-141.151,43.5282,-139.677,-347.532,41.0936,30.3366,5.3551,-3.29862,19.4027,-3.168,2.68053,4.18898,2.64561,-14.7429,4.05082,0,0,14.9994,0.268693,-3.65496,-89.5581,-0.698762,-17.0589,-15.0755,-1.18947e-015,-0.139204,1.19892,12.1162,-0.552864,9.9882,-20.5682,-4.61466,0,0,0.0164423,0,0,0.00631037,0,0,0.0153779
3.34,-80.6954,-141.293,43.7357,-139.83,-347.794,40.826,29.253,5.38776,-3.36352,19.092,-3.40524,2.45679,4.74908,2.57134,-14.348,4.60063,0,0,14.9419,-0.0441244,-3.86956,-89.3664,-0.56478,-17.2757,-14.6341,-3.28684e-018,-0.0670342,18.6526,14.3733,-0.421139,-119.027,-5.74573,-5.91333,0,0,-0.244659,0,0,0.0185948,0,0,0.0140624
3.35,-80.5359,-141.442,43.975,-140.015,-347.967,40.5903,27.9986,5.47888,-3.84548,18.6602,-3.73143,2.43366,5.2926,2.48056,-13.8633,5.13801,0,0,14.7984,-0.214611,-4.00124,-89.1802,-0.451358,-17.4767,-14.6062,1.17779e-015,0.00525867,-2.52189,11.3285,-0.301711,-1.95791,-3.55352,-3.81515,0,0,-0.00712708,0,0,0.00352116,0,0,0.0131982
3.36,-80.4387,-141.605,44.2385,-140.243,-348.101,40.3682,26.711,5.55655,-4.25362,18.1591,-4.03067,2.48123,5.80437,2.40935,-13.4817,5.64389,0,0,14.6547,-0.384764,-4.134,-89.0021,-0.372228,-17.65,-14.4735,2.51334e-015,-0.0434778,-15.3857,7.66839,-0.307642,69.6377,-16.6017,-1.88238,0,0,0.149698,0,0,-0.0100499,0,0,0.0123798
3.37,-80.3783,-141.788,44.5177,-140.514,-348.246,40.1398,25.4634,5.5994,-4.48067,17.6132,-4.24662,2.53159,6.27963,2.36338,-13.2347,6.11221,0,0,14.564,-0.558613,-4.26731,-88.8303,-0.32081,-17.797,-14.0911,1.26507e-015,-0.238003,-5.72187,5.60544,-0.461644,11.1041,-15.3922,-1.82379,0,0,0.0212534,0,0,-0.00341019,0,0,0.0112934
3.38,-80.3274,-141.998,44.8068,-140.821,-348.45,39.8847,24.1972,5.62426,-4.63331,17.0187,-4.42429,2.57539,6.72259,2.32483,-13.0272,6.54881,0,0,14.4744,-0.732479,-4.40135,-88.6598,-0.280694,-17.9274,-13.77,-7.91764e-016,-0.446547,-1.01368,2.9781,-0.635273,-13.269,-18.4163,-1.42491,0,0,-0.033064,0,0,-0.000187783,0,0,0.0102888
3.39,-80.265,-142.242,45.1086,-141.152,-348.745,39.5857,22.9188,5.62977,-4.71829,16.3843,-4.56198,2.57589,7.13216,2.28659,-12.821,6.95346,0,0,14.386,-0.906421,-4.53611,-88.4874,-0.243882,-18.0447,-13.5502,2.09774e-015,-0.543134,-1.83096,0.210733,-0.702512,-11.4345,-25.6824,-0.615591,0,0,-0.0309774,0,0,-0.00208576,0,0,0.00943317
3.4,-80.1825,-142.52,45.4368,-141.492,-349.14,39.2337,21.6346,5.61525,-4.74666,15.7196,-4.6612,2.51275,7.50836,2.24374,-12.5895,7.32683,0,0,14.2989,-1.08042,-4.67156,-88.3097,-0.205502,-18.1514,-13.466,-9.37846e-016,-0.538781,-2.24849,-1.5321,-0.673797,-18.4228,-30.3258,-0.0774945,0,0,-0.0483218,0,0,-0.00306006,0,0,0.00871801
3.41,-80.0853,-142.831,45.8155,-141.827,-349.615,38.8328,20.3506,5.58033,-4.73273,15.0353,-4.72587,2.38401,7.85356,2.19416,-12.3211,7.67155,0,0,14.213,-1.25444,-4.8077,-88.1236,-0.163506,-18.2494,-13.578,1.31474e-015,-0.34718,-6.54476,-2.00918,-0.463414,-12.2498,-32.3677,0.531061,0,0,-0.0360398,0,0,-0.00817302,0,0,0.00813545
3.42,-79.9891,-143.163,46.2736,-142.147,-350.132,38.4014,19.0723,5.5247,-4.69249,14.3432,-4.76124,2.20136,8.17301,2.13796,-12.0162,7.99274,0,0,14.1282,-1.4285,-4.94452,-87.9272,-0.11794,-18.3406,-13.9036,-1.11607e-015,-0.0155098,-15.4782,-1.91667,-0.117562,20.6965,-37.192,1.46338,0,0,0.0338673,0,0,-0.0186139,0,0,0.00770063
3.43,-79.9124,-143.495,46.8395,-142.446,-350.642,37.969,17.8045,5.44802,-4.64203,13.655,-4.77275,1.98255,8.47437,2.07643,-11.6816,8.29761,0,0,14.0442,-1.60262,-5.08201,-87.7199,-0.0701929,-18.4277,-14.0868,1.80923e-015,0.312336,-5.33753,-0.198174,0.224276,-52.4279,-30.4285,0.652191,0,0,-0.126514,0,0,-0.00638608,0,0,0.00753276
3.44,-79.8675,-143.804,47.5323,-142.729,-351.101,37.5699,16.5509,5.35001,-4.59673,12.9814,-4.76528,1.7447,8.76625,2.01109,-11.3254,8.59424,0,0,13.961,-1.77675,-5.22015,-87.5023,-0.0223808,-18.5145,-13.9612,-4.996e-016,0.54376,24.7855,3.37845,0.471021,-254.444,-1.09215,-2.14546,0,0,-0.588471,0,0,0.0306571,0,0,0.00732283
3.45,-79.8532,-144.076,48.3555,-143.006,-351.479,37.2339,15.1361,5.43723,-5.41945,12.2495,-4.93632,1.71458,9.09189,1.87874,-10.6011,8.93541,0,0,13.7709,-1.74954,-5.17042,-87.2715,0.0325101,-18.6252,-14.4767,-5.60955e-016,0.886828,-11.8864,1.77257,0.828036,-45.2766,-32.5777,1.34943,0,0,-0.112528,0,0,-0.0137429,0,0,0.00740107
3.46,-79.858,-144.304,49.3015,-143.288,-351.765,36.9772,13.7441,5.50981,-6.26568,11.5488,-5.07809,1.68843,9.42158,1.74389,-9.85953,9.28119,0,0,13.5838,-1.723,-5.12049,-87.0304,0.0785703,-18.7413,-14.4951,5.84328e-018,0.959723,-28.2684,1.38949,0.918111,33.7962,-42.9121,2.89804,0,0,0.0766223,0,0,-0.0329352,0,0,0.00746591
3.47,-79.8662,-144.492,50.3578,-143.582,-351.965,36.7979,12.3762,5.56722,-7.14562,10.885,-5.19383,1.67153,9.75492,1.60612,-9.09844,9.63101,0,0,13.4,-1.69706,-5.07036,-86.7738,0.114801,-18.8635,-14.0627,-2.03346e-015,0.772082,-24.2469,2.36708,0.749375,3.93668,-36.0442,2.30092,0,0,0.00338579,0,0,-0.0265687,0,0,0.00740701
3.48,-79.8631,-144.653,51.5133,-143.891,-352.091,36.6786,11.0333,5.60877,-8.0678,10.2624,-5.28631,1.66764,10.0872,1.46452,-8.31269,9.98018,0,0,13.2196,-1.67179,-5.02004,-86.4935,0.141381,-18.9893,-13.5152,2.04515e-016,0.490011,-22.5989,3.17655,0.484636,-4.14016,-32.2068,1.83155,0,0,-0.0169905,0,0,-0.0231751,0,0,0.00731394
3.49,-79.8402,-144.805,52.763,-144.207,-352.153,36.5953,9.71611,5.63391,-9.0393,9.68344,-5.35804,1.67922,10.4118,1.31781,-7.49519,10.3219,0,0,13.043,-1.6472,-4.96953,-86.1804,0.159321,-19.1146,-12.9327,3.069e-015,0.221772,-23.3591,3.88582,0.230447,0.915058,-32.1026,1.59647,0,0,-0.00768994,0,0,-0.0223258,0,0,0.00708378
3.5,-79.7992,-144.961,54.111,-144.522,-352.157,36.5259,8.42506,5.64208,-10.0649,9.14946,-5.4111,1.70719,10.7222,1.16466,-6.63852,10.6494,0,0,12.8706,-1.62327,-4.9188,-85.8267,0.169955,-19.2343,-12.3782,2.04807e-015,-0.0760773,-23.2416,4.71315,-0.0557959,3.61182,-30.3959,1.23574,0,0,-0.00366421,0,0,-0.0205498,0,0,0.0068389
3.51,-79.7517,-145.137,55.5698,-144.826,-352.108,36.4517,7.16007,5.63262,-11.1465,8.66049,-5.44716,1.75134,11.0125,1.00388,-5.73592,10.9566,0,0,12.7027,-1.60008,-4.86787,-85.4263,0.174905,-19.343,-11.8766,-7.01194e-017,-0.38236,-21.2719,5.41366,-0.352931,-0.694457,-32.7172,0.719781,0,0,-0.0172652,0,0,-0.0172831,0,0,0.00659712
3.52,-79.7183,-145.344,57.1581,-145.111,-352.012,36.3576,5.92075,5.60496,-12.2838,8.21596,-5.46752,1.81155,11.2775,0.834627,-4.78255,11.2377,0,0,12.5394,-1.5776,-4.81673,-84.9742,0.176301,-19.4347,-11.4478,6.07701e-016,-0.673431,-18.013,6.30747,-0.637418,-15.7124,-37.421,0.0687371,0,0,-0.054861,0,0,-0.0133489,0,0,0.00635301
3.53,-79.7256,-145.594,58.8987,-145.37,-351.88,36.2341,4.70623,5.55864,-13.4728,7.8154,-5.47318,1.88898,11.5126,0.656765,-3.77782,11.4873,0,0,12.381,-1.55581,-4.76539,-84.4655,0.176949,-19.5033,-11.2863,-2.10358e-015,-0.92239,-25.6581,7.21048,-0.882271,25.1487,-29.276,0.435693,0,0,0.030835,0,0,-0.0166873,0,0,0.00593925
3.54,-79.8026,-145.896,60.815,-145.597,-351.721,36.0786,3.51537,5.49331,-14.707,7.45905,-5.4653,1.98685,11.7138,0.470964,-2.72573,11.7003,0,0,12.2273,-1.53475,-4.71385,-83.8952,0.180355,-19.543,-11.436,-2.03346e-015,-1.11861,-45.502,7.97226,-1.077,138.666,-3.01341,1.96624,0,0,0.23255,0,0,-0.0251687,0,0,0.00545105
3.55,-79.9757,-146.263,62.9286,-145.789,-351.547,35.896,2.70834,5.45328,-15.6749,7.19154,-5.46445,1.99693,11.8523,0.312559,-1.82725,11.8461,0,0,12.385,-1.5393,-4.65397,-83.2574,0.196182,-19.5467,-11.2538,7.01194e-017,-1.32847,-31.8698,9.86675,-1.28656,52.8196,-21.4462,0.332616,0,0,0.0642265,0,0,-0.0142754,0,0,0.0047772
3.56,-80.2651,-146.708,65.258,-145.944,-351.368,35.6978,1.9635,5.39697,-16.643,6.97635,-5.4604,2.03062,11.9488,0.152641,-0.919268,11.9472,0,0,12.5803,-1.5466,-4.5931,-82.5492,0.223397,-19.5107,-11.2903,-1.35564e-015,-1.4379,-27.2904,11.9183,-1.39868,20.0215,-24.5536,-0.409997,0,0,0.0103472,0,0,-0.0090958,0,0,0.00393123
3.57,-80.6836,-147.243,67.8175,-146.063,-351.193,35.5006,1.26925,5.3239,-17.6085,6.81618,-5.45689,2.09899,12.0047,-0.00726515,-0.0108836,12.0047,0,0,12.803,-1.55564,-4.53151,-81.768,0.264123,-19.4298,-11.4997,5.60955e-016,-1.45921,-33.0293,13.5912,-1.42542,38.0042,-17.4596,-0.0948038,0,0,0.0323902,0,0,-0.00758047,0,0,0.00319465
3.58,-81.237,-147.883,70.6174,-146.15,-351.028,35.324,0.612664,5.23402,-18.5665,6.7148,-5.45849,2.21145,12.0236,-0.165252,0.886601,12.0222,0,0,13.0409,-1.56542,-4.46952,-80.9135,0.319097,-19.3008,-11.7004,6.07701e-016,-1.4465,-37.6066,15.0222,-1.41948,46.1572,-14.8696,0.167134,0,0,0.03982,0,0,-0.00433249,0,0,0.00242955
3.59,-81.9271,-148.636,73.6643,-146.21,-350.876,35.1883,-0.0195725,5.12795,-19.5092,6.67684,-5.47063,2.37353,12.011,-0.319278,1.76117,12.0052,0,0,13.2809,-1.57489,-4.40747,-79.9867,0.387621,-19.1217,-11.8173,2.19707e-015,-1.42869,-40.577,16.2445,-1.40861,46.4461,-17.0532,0.300004,0,0,0.036446,0,0,0.000498888,0,0,0.0017117
3.6,-82.755,-149.509,76.9636,-146.244,-350.737,35.1104,-0.640106,5.00698,-20.4256,6.70776,-5.49951,2.5852,11.9726,-0.467458,2.60176,11.9601,0,0,13.5094,-1.58296,-4.3458,-78.9895,0.467841,-18.8917,-11.7814,-3.17874e-015,-1.411,-43.7531,17.2759,-1.39728,46.4737,-20.2369,0.458364,0,0,0.0328634,0,0,0.00678097,0,0,0.00107159
3.61,-83.7244,-150.508,80.5212,-146.255,-350.613,35.102,-1.2595,4.87276,-21.3024,6.81423,-5.55226,2.84123,11.9137,-0.608272,3.39952,11.8924,0,0,13.7133,-1.58876,-4.28479,-77.923,0.557308,-18.6103,-11.5124,4.20716e-016,-1.38434,-46.8314,18.2275,-1.37595,43.6645,-24.7184,0.611469,0,0,0.0261299,0,0,0.0148305,0,0,0.000496904
3.62,-84.8417,-151.636,84.3481,-146.244,-350.505,35.1682,-1.88495,4.72724,-22.1247,7.00509,-5.63718,3.13219,11.8369,-0.740594,4.14795,11.8054,0,0,13.8809,-1.59147,-4.22484,-76.7857,0.653742,-18.2767,-10.9144,1.40239e-015,-1.31482,-49.5613,19.1721,-1.31086,36.0578,-30.3509,0.762916,0,0,0.0142216,0,0,0.0249233,0,0,-8.298e-005
3.63,-86.1142,-152.906,88.4647,-146.216,-350.416,35.3067,-2.51888,4.57236,-22.8785,7.29246,-5.76397,3.44687,11.7405,-0.863755,4.84328,11.698,0,0,14.002,-1.59043,-4.16625,-75.5701,0.756275,-17.8896,-9.85431,-2.89827e-015,-1.15464,-51.6107,19.8729,-1.15448,21.9716,-37.4528,0.961835,0,0,-0.00477338,0,0,0.0371382,0,0,-0.000750287
3.64,-87.5448,-154.353,92.9034,-146.173,-350.348,35.5049,-3.15765,4.40941,-23.5528,7.69269,-5.94342,3.77435,11.615,-0.977402,5.48362,11.5611,0,0,14.0691,-1.58531,-4.10914,-74.2596,0.867372,-17.4476,-8.20771,9.34925e-017,-0.85098,-52.3237,19.6718,-0.854463,-0.642594,-47.2815,1.29381,0,0,-0.0331485,0,0,0.0507883,0,0,-0.00152129
3.65,-89.126,-156.041,97.7104,-146.12,-350.302,35.7381,-3.79097,4.23902,-24.1405,8.22671,-6.18629,4.10521,11.4394,-1.08116,6.06701,11.3745,0,0,14.0771,-1.57585,-4.05373,-72.825,0.994785,-16.9514,-5.91631,2.31394e-015,-0.341585,-51.0234,17.7688,-0.349456,-33.2164,-61.316,1.88962,0,0,-0.0711925,0,0,0.0639816,0,0,-0.00222597
3.66,-90.8357,-158.086,102.944,-146.061,-350.278,35.97,-4.40155,4.06065,-24.6405,8.91955,-6.5019,4.43446,11.178,-1.17402,6.58806,11.1033,0,0,14.0239,-1.56211,-4.00001,-71.2227,1.15318,-16.4057,-3.00768,-1.42576e-015,0.439289,-47.0263,13.4181,0.42464,-76.2505,-80.7899,2.90772,0,0,-0.115332,0,0,0.0731661,0,0,-0.0023223
3.67,-92.6362,-160.656,108.674,-145.997,-350.269,36.1564,-4.96577,3.87267,-25.0564,9.79907,-6.89674,4.76288,10.7788,-1.25373,7.03446,10.6967,0,0,13.9099,-1.5443,-3.94792,-69.3943,1.36438,-15.8211,0.39034,1.77636e-015,1.51749,-39.6898,6.02515,1.49167,-129.471,-106.665,4.4975,0,0,-0.157293,0,0,0.0729471,0,0,-0.000726443
3.68,-94.4757,-163.976,114.976,-145.928,-350.263,36.2549,-5.45501,3.6725,-25.3974,10.8933,-7.37276,5.0975,10.1739,-1.31621,7.38375,10.0887,0,0,13.7386,-1.52277,-3.89733,-67.2694,1.65584,-15.2161,3.99535,7.4794e-016,2.81769,-29.1836,-4.54141,2.77446,-190.039,-138.786,6.78054,0,0,-0.182514,0,0,0.0581292,0,0,0.00408264
3.69,-96.2932,-168.314,121.926,-145.851,-350.247,36.2345,-5.83773,3.45656,-25.6767,12.2276,-7.92617,5.45095,9.28216,-1.35524,7.60166,9.19987,0,0,13.515,-1.4981,-3.84802,-64.7699,2.05788,-14.6171,7.26566,3.7397e-016,4.13045,-17.2984,-17.4997,4.06271,-250.956,-174.592,9.81895,0,0,-0.172328,0,0,0.0285098,0,0,0.013214
3.7,-98.0239,-173.965,129.588,-145.765,-350.221,36.0845,-6.08238,3.221,-25.91,13.8224,-8.54754,5.84142,8.01374,-1.36261,7.64277,7.94209,0,0,13.2462,-1.4708,-3.79977,-61.8137,2.59921,-14.0543,9.3232,-7.4794e-016,5.11673,-7.31266,-31.1339,5.02086,-301.697,-209.148,13.5504,0,0,-0.113045,0,0,-0.00672939,0,0,0.0253734
3.71,-99.6047,-181.221,138.004,-145.663,-350.22,35.8263,-6.16036,2.96173,-26.1131,15.6911,-9.22348,6.29292,6.28258,-1.32869,7.45346,6.2293,0,0,12.9402,-1.44156,-3.75229,-58.3246,3.2987,-13.5535,8.99605,7.4794e-016,5.36736,-2.78917,-43.405,5.25578,-331.144,-236.713,17.742,0,0,-0.00746609,0,0,-0.0294998,0,0,0.0341184
3.72,-100.98,-190.33,147.186,-145.541,-350.333,35.528,-6.04931,2.67529,-26.3001,17.84,-9.93866,6.83378,4.02926,-1.24338,6.97657,3.99938,0,0,12.6055,-1.41101,-3.70535,-54.2521,4.15234,-13.1288,5.01808,2.61779e-015,4.53146,-6.14876,-52.6781,4.45423,-331.273,-252.716,22.009,0,0,0.120206,0,0,-0.0188809,0,0,0.0264539
3.73,-102.112,-201.456,157.112,-145.391,-350.725,35.3194,-5.73566,2.35957,-26.4808,20.2665,-10.6779,7.49359,1.25218,-1.09783,6.16065,1.24495,0,0,12.2507,-1.37979,-3.65867,-49.6006,5.11843,-12.7767,-3.54723,3.36573e-015,2.52677,-17.0069,-58.3134,2.58545,-301.304,-255.465,25.8943,0,0,0.232518,0,0,0.0365524,0,0,-0.0132034
3.74,-102.986,-214.647,167.725,-145.206,-351.644,35.3979,-5.21611,2.01444,-26.6597,22.959,-11.4281,8.2985,-1.96252,-0.88735,4.97633,-1.95512,0,0,11.8846,-1.34852,-3.61204,-44.4608,6.10858,-12.4743,-16.6788,-1.86985e-015,-0.225127,-31.1213,-60.6453,0.0827274,-250.343,-246.808,28.9463,0,0,0.299777,0,0,0.125012,0,0,-0.0912114
3.75,-103.616,-229.819,178.921,-144.976,-353.421,36.0178,-4.49764,1.64235,-26.8357,25.8972,-12.1787,9.26729,-5.42925,-0.613916,3.43146,-5.41948,0,0,11.5156,-1.31771,-3.56528,-39.0274,6.99475,-12.1844,-32.9634,3.7397e-015,-2.78192,-41.1704,-60.194,-2.23083,-195.297,-230.868,30.6404,0,0,0.320315,0,0,0.207081,0,0,-0.191987
3.76,-104.035,-246.774,190.553,-144.703,-356.452,37.4547,-3.59602,1.24805,-27.0049,29.0508,-12.921,10.4076,-8.88446,-0.286731,1.57642,-8.88108,0,0,11.1522,-1.28789,-3.51812,-33.5844,7.6384,-11.8722,-49.7977,-3.7397e-015,-3.99606,-39.6935,-56.7584,-3.49019,-153.747,-211.674,30.2875,0,0,0.321333,0,0,0.229206,0,0,-0.278902
3.77,-104.277,-265.237,202.421,-144.406,-361.175,39.9517,-2.53281,0.837957,-27.1625,32.3789,-13.6466,11.7085,-12.0416,0.0800757,-0.507074,-12.0411,0,0,10.8024,-1.25956,-3.47048,-28.4526,7.935,-11.5243,-64.2713,5.98352e-015,-3.06328,-22.7937,-49.2128,-3.20237,-136.343,-191.408,27.1377,0,0,0.338406,0,0,0.151622,0,0,-0.313987
3.78,-104.357,-284.91,214.27,-144.142,-368.028,43.6604,-1.33182,0.419304,-27.3067,35.8271,-14.3449,13.1333,-14.6595,0.471778,-2.73034,-14.6425,0,0,10.4743,-1.23318,-3.42215,-23.9171,7.85316,-11.1644,-74.3207,-2.99176e-015,-0.0145667,8.52349,-36.6878,-1.50205,-143.827,-171.102,20.8741,0,0,0.392769,0,0,-0.0305956,0,0,-0.281897
3.79,-104.27,-305.522,225.796,-144.014,-377.404,48.593,-0.0157775,-0.00089512,-27.4398,39.3273,-15.004,14.6155,-16.5891,0.876686,-5.01973,-16.5237,0,0,10.1756,-1.20912,-3.37305,-20.1719,7.44533,-10.8518,-79.2818,1.49588e-015,4.21818,50.402,-20.0586,0.897617,-171.289,-153.242,12.2783,0,0,0.488928,0,0,-0.289126,0,0,-0.196863
3.8,-104,-326.862,236.672,-144.169,-389.61,54.5986,1.39609,-0.416443,-27.5684,42.7995,-15.6114,16.0628,-17.7813,1.28665,-7.3212,-17.6316,0,0,9.9133,-1.18772,-3.32308,-17.3084,6.82786,-10.6681,-79.5334,-4.48764e-015,8.15515,97.3923,-2.12924,2.96161,-210.083,-141.286,3.42852,0,0,0.616189,0,0,-0.569131,0,0,-0.0905259
3.81,-103.545,-348.792,246.578,-144.759,-404.836,61.3734,2.88902,-0.822172,-27.7008,46.1572,-16.157,17.3714,-18.2677,1.69462,-9.58774,-18.0037,0,0,9.69336,-1.16923,-3.27212,-15.3327,6.14352,-10.6918,-75.9033,-0,10.2874,143.435,13.2089,3.65616,-249.389,-137.835,-2.9196,0,0,0.752464,0,0,-0.80541,0,0,0.00460825
3.82,-102.937,-371.246,255.236,-145.882,-423.131,68.5059,4.45239,-1.21374,-27.8433,49.3163,-16.6339,18.4451,-18.1348,2.09102,-11.761,-17.7412,0,0,9.5204,-1.15381,-3.22017,-14.1932,5.52403,-10.9707,-69.3717,2.99176e-015,9.65064,182.844,22.7592,2.33918,-278.871,-142.607,-4.75197,0,0,0.8711,0,0,-0.945824,0,0,0.0670828
3.83,-102.24,-394.215,262.422,-147.526,-444.402,75.5358,6.07844,-1.58725,-27.9966,52.2024,-17.0372,19.2148,-17.5006,2.46153,-13.7614,-16.9828,0,0,9.39725,-1.14145,-3.16717,-13.8054,5.06349,-11.5012,-61.0043,8.97528e-015,6.25714,211.018,25.614,-0.915854,-290.988,-151.7,-2.0668,0,0,0.946795,0,0,-0.968969,0,0,0.0921898
3.84,-101.543,-417.719,267.981,-149.562,-468.431,82.0163,7.7607,-1.9391,-28.1526,54.7581,-17.362,19.6516,-16.4976,2.7882,-15.497,-15.8816,0,0,9.32481,-1.13209,-3.11312,-14.0688,4.8061,-12.2272,-51.9363,-2.99176e-015,1.08996,225.337,23.2824,-5.31852,-283.145,-159.363,3.16608,0,0,0.962967,0,0,-0.887779,0,0,0.0899625
3.85,-100.94,-441.783,271.822,-151.788,-494.924,87.5695,9.49219,-2.26565,-28.2927,56.9469,-17.6007,19.7697,-15.2573,3.05379,-16.8866,-14.5845,0,0,9.30201,-1.12552,-3.05812,-14.8821,4.74764,-13.0565,-43.2654,-0,-4.3545,225.86,18.452,-9.7035,-258.235,-161.122,8.34922,0,0,0.917953,0,0,-0.738055,0,0,0.0764124
3.86,-100.506,-466.426,273.905,-153.994,-523.564,91.9261,11.2642,-2.56332,-28.3896,58.7525,-17.7413,19.6181,-13.896,3.24648,-17.8821,-13.2122,0,0,9.32596,-1.12149,-3.00223,-16.1552,4.84899,-13.8887,-35.8277,-0,-8.6777,214.852,13.3969,-12.9814,-221.753,-155.4,11.7685,0,0,0.821661,0,0,-0.559654,0,0,0.0638679
3.87,-100.289,-491.656,274.229,-156.02,-554.054,94.9408,13.0654,-2.82838,-28.4093,60.1761,-17.7664,19.2641,-12.5025,3.36331,-18.4802,-11.8482,0,0,9.3923,-1.11955,-2.94554,-17.816,5.05371,-14.6409,-30.0506,-0,-11.0084,195.983,9.27997,-14.4642,-180.047,-143.345,13.1042,0,0,0.692732,0,0,-0.38433,0,0,0.0567467
3.88,-100.303,-517.476,272.826,-157.788,-586.146,96.5881,14.8824,-3.05753,-28.3144,61.2308,-17.6542,18.7769,-11.1336,3.41065,-18.7213,-10.5376,0,0,9.49578,-1.11936,-2.88815,-19.8115,5.30432,-15.2643,-25.9555,-0,-11.1083,173.057,6.44284,-13.9598,-138.669,-127.009,12.8617,0,0,0.551741,0,0,-0.23113,0,0,0.0535221
3.89,-100.528,-543.887,269.755,-159.299,-619.642,96.9422,16.6995,-3.24795,-28.0685,61.9353,-17.3795,18.2125,-9.81673,3.402,-18.6773,-9.29502,0,0,9.6306,-1.12053,-2.83018,-22.1034,5.55339,-15.7498,-23.2802,-0,-9.24005,148.673,4.9856,-11.6889,-101.052,-107.561,11.5108,0,0,0.413691,0,0,-0.107868,0,0,0.0509861
3.9,-100.922,-570.896,265.095,-160.625,-654.387,96.1516,18.4998,-3.39774,-27.6391,62.31,-16.9179,17.6069,-8.5577,3.35449,-18.4352,-8.11549,0,0,9.79095,-1.12267,-2.77174,-24.6626,5.76687,-16.1211,-21.6089,-0,-5.98308,124.433,4.94188,-8.1553,-68.9979,-85.6143,9.29152,0,0,0.288497,0,0,-0.0164084,0,0,0.0471298
3.91,-101.438,-598.523,258.945,-161.882,-690.251,94.4109,20.2664,-3.50623,-27.0009,62.3743,-16.2497,16.9753,-7.35082,3.28557,-18.0826,-6.98589,0,0,9.97137,-1.12543,-2.71296,-27.4633,5.92299,-16.4221,-20.5232,-0,-2.07148,101.558,6.09613,-4.02662,-43.2866,-62.112,6.47802,0,0,0.182909,0,0,0.0445347,0,0,0.0418796
3.92,-102.028,-626.807,251.421,-163.204,-727.116,91.9321,21.9832,-3.57433,-26.1383,62.1446,-15.3634,16.3164,-6.18901,3.21058,-17.6974,-5.89504,0,0,10.1671,-1.12858,-2.65387,-30.4791,6.00929,-16.704,-19.7171,-1.12191e-015,1.74959,81.1611,7.89523,-0.00955671,-24.4426,-38.7114,3.53901,0,0,0.102111,0,0,0.0791629,0,0,0.0363309
3.93,-102.663,-655.802,242.649,-164.715,-764.87,88.92,23.6358,-3.6044,-25.0477,61.6343,-14.2598,15.6175,-5.06958,3.14104,-17.3387,-4.83865,0,0,10.3741,-1.13183,-2.59461,-33.6814,6.02019,-17.0121,-18.9916,2.24382e-015,4.9352,64.0805,9.80221,3.36544,-12.5154,-17.0458,0.891851,0,0,0.04776,0,0,0.0941092,0,0,0.0314666
3.94,-103.331,-685.576,232.767,-166.51,-803.407,85.5577,25.2128,-3.60027,-23.7383,60.8524,-12.9529,14.8597,-3.99738,3.08399,-17.0433,-3.82156,0,0,10.5891,-1.13502,-2.53523,-37.0399,5.95521,-17.3778,-18.2727,1.86985e-016,7.26427,50.6035,11.7259,5.87463,-6.98885,2.21462,-1.44418,0,0,0.0177062,0,0,0.0962987,0,0,0.0276038
3.95,-104.047,-716.202,221.915,-168.653,-842.616,82.0102,26.7058,-3.56681,-22.2322,59.805,-11.4701,14.0206,-2.98495,3.04249,-16.8279,-2.85702,0,0,10.8099,-1.13803,-2.47576,-40.5227,5.81756,-17.8192,-17.6795,3.36573e-015,8.7048,40.4168,13.8109,7.47053,-6.89453,19.0263,-3.69238,0,0,0.00775152,0,0,0.091038,0,0,0.0247128
3.96,-104.844,-747.75,210.24,-171.17,-882.386,78.4286,28.1092,-3.50939,-20.5614,58.4955,-9.85084,13.0775,-2.04745,3.01616,-16.6909,-1.96115,0,0,11.0347,-1.14079,-2.41625,-44.1008,5.61251,-18.3406,-17.4057,7.4794e-016,9.32749,33.0024,16.2685,8.20998,-11.0323,33.4531,-6.12009,0,0,0.0132471,0,0,0.0818283,0,0,0.0225918
3.97,-105.774,-780.277,197.891,-174.059,-922.61,74.9518,29.4195,-3.43338,-18.7659,56.9264,-8.1442,12.0092,-1.19671,3.00162,-16.6152,-1.14674,0,0,11.2621,-1.1432,-2.35667,-47.7527,5.3462,-18.9347,-17.6073,-5.23558e-015,9.2979,27.3594,19.3954,8.25341,-17.3179,46.0554,-9.04901,0,0,0.0279779,0,0,0.0690535,0,0,0.0209984
3.98,-106.899,-813.817,185.024,-177.299,-963.188,71.7143,30.6348,-3.34356,-16.8892,55.0999,-6.40518,10.7996,-0.436703,2.99394,-16.5752,-0.418559,0,0,11.4909,-1.14522,-2.29719,-51.4676,5.02378,-19.586,-18.3491,-1.49588e-015,8.82072,21.9296,23.5039,7.80923,-23.4486,57.8913,-12.7812,0,0,0.0460124,0,0,0.0492181,0,0,0.0197563
3.99,-108.284,-848.368,171.81,-180.858,-1004.03,68.8474,31.7534,-3.24403,-14.9777,53.0206,-4.69389,9.44542,0.238291,2.98781,-16.5432,0.228428,0,0,11.7201,-1.14677,-2.23775,-55.2452,4.6474,-20.2713,-19.5515,-2.61779e-015,8.08108,15.6918,28.5575,7.07456,-27.4806,69.4893,-17.1981,0,0,0.0622127,0,0,0.0199746,0,0,0.0187245
4,-109.998,-883.887,158.436,-184.698,-1045.05,66.4779,32.7742,-3.13783,-13.0787,50.6964,-3.07285,7.96082,0.840059,2.9784,-16.4942,0.805477,0,0,11.9481,-1.14787,-2.17834,-59.0908,4.21537,-20.9595,-21.0346,-6.73146e-015,7.20069,8.87697,33.957,6.18636,-29.4157,80.0494,-21.6166,0,0,0.0741623,0,0,-0.0149536,0,0,0.0177857
4.01,-112.108,-920.289,145.111,-188.786,-1086.17,64.7243,33.6956,-3.02666,-11.2396,48.1394,-1.60381,6.37595,1.37915,2.9616,-16.4065,1.32299,0,0,12.1735,-1.14836,-2.11905,-63.0081,3.72371,-21.615,-22.6424,9.34925e-015,6.22042,2.48869,38.6794,5.1967,-30.812,87.8822,-25.0832,0,0,0.081036,0,0,-0.0472054,0,0,0.0168453
4.02,-114.681,-957.455,132.058,-193.089,-1127.31,63.6988,34.516,-2.91136,-9.50605,45.3647,-0.343291,4.73282,1.86029,2.93397,-16.2621,1.78586,0,0,12.3943,-1.14829,-2.05984,-66.9943,3.16871,-22.2015,-24.2644,-4.48764e-015,5.15306,-2.68181,41.8318,4.12496,-33.5241,91.8412,-26.9283,0,0,0.0826345,0,0,-0.0699837,0,0,0.0157693
4.03,-117.783,-995.247,119.51,-197.573,-1168.4,63.51,35.2341,-2.79163,-7.92166,42.3903,0.66145,3.07731,2.28059,2.89191,-16.042,2.19172,0,0,12.6084,-1.14753,-2.00088,-71.0382,2.54968,-22.6866,-25.8475,-4.9551e-015,4.01836,-6.86409,43.074,2.99314,-38.0288,92.1389,-27.0743,0,0,0.0784982,0,0,-0.0838896,0,0,0.0144183
4.04,-121.476,-1033.51,107.701,-202.201,-1209.35,64.2653,35.8493,-2.66668,-6.52647,39.237,1.37551,1.45452,2.63128,2.8309,-15.7217,2.53279,0,0,12.8136,-1.14604,-1.94218,-75.1214,1.87034,-23.0414,-27.3248,-1.47251e-015,2.85289,-10.8858,42.5764,1.83954,-43.6188,89.9714,-25.8548,0,0,0.0686969,0,0,-0.0950547,0,0,0.0126854
4.05,-125.805,-1072.09,96.8567,-206.924,-1250.07,66.0691,36.3625,-2.53562,-5.35496,35.9292,1.77923,-0.0962723,2.90039,2.7446,-15.267,2.79797,0,0,13.0079,-1.14382,-1.88372,-79.2188,1.13934,-23.2384,-28.5301,4.58697e-015,1.72857,-16.1143,40.5356,0.740788,-48.062,86.0646,-23.577,0,0,0.0532905,0,0,-0.113806,0,0,0.0105492
4.06,-130.782,-1110.8,87.1761,-211.68,-1290.46,69.0126,36.7769,-2.39764,-4.43157,32.4942,1.87239,-1.54647,3.07697,2.62541,-14.6356,2.97703,0,0,13.1893,-1.14078,-1.82555,-83.3014,0.370396,-23.2539,-29.2043,1.03309e-014,0.770611,-25.3135,36.9991,-0.170961,-45.8818,79.6227,-20.3712,0,0,0.0328628,0,0,-0.159469,0,0,0.00809031
4.07,-136.375,-1149.44,78.816,-216.397,-1330.34,73.1563,37.0911,-2.25213,-3.76724,28.9634,1.67662,-2.88082,3.1565,2.466,-13.7854,3.06549,0,0,13.3496,-1.13675,-1.76787,-87.3374,-0.417802,-23.0718,-28.9965,7.3041e-015,0.153923,-42.9402,32.0552,-0.711985,-27.9453,68.7552,-16.2198,0,0,0.00868375,0,0,-0.261901,0,0,0.00536717
4.08,-142.492,-1187.77,71.873,-220.989,-1369.53,78.504,37.3347,-2.1023,-3.35137,25.375,1.24106,-4.09496,3.14534,2.26225,-12.6895,3.06845,0,0,13.5087,-1.13238,-1.71032,-91.2928,-1.20262,-22.687,-27.4906,-7.42754e-015,0.0605388,-73.5726,26.0351,-0.691999,13.0208,54.2726,-10.9747,0,0,-0.0136749,0,0,-0.449536,0,0,0.00225721
4.09,-148.979,-1225.51,66.3692,-225.358,-1407.73,84.9695,37.4976,-1.94883,-3.15979,21.7789,0.628761,-5.18886,3.06199,2.01529,-11.3483,3.00207,0,0,13.6454,-1.12704,-1.65325,-95.1276,-1.95862,-22.1089,-24.3158,1.58587e-014,0.628542,-121.175,19.7096,0.0290403,86.6479,33.388,-4.43771,0,0,-0.0280832,0,0,-0.738431,0,0,-0.00155277
4.1,-155.623,-1262.27,62.2427,-229.403,-1444.62,92.3464,37.6005,-1.79617,-3.14558,18.2422,-0.0804837,-6.16357,2.9345,1.73378,-9.80383,2.89161,0,0,13.7671,-1.12104,-1.59656,-98.7924,-2.66047,-21.3636,-19.311,3.83319e-015,1.8999,-187.02,14.217,1.4818,195.143,7.64087,3.51841,0,0,-0.0290011,0,0,-1.11151,0,0,-0.006289
4.11,-162.162,-1297.63,59.3429,-233.022,-1479.76,100.289,37.6589,-1.64864,-3.24709,14.8521,-0.806766,-7.01633,2.79568,1.43397,-8.14272,2.76748,0,0,13.8747,-1.11441,-1.54017,-102.227,-3.28645,-20.4943,-12.694,-3.27224e-015,3.76089,-268.38,10.5847,3.52627,333.442,-20.6061,12.7613,0,0,-0.0186188,0,0,-1.50666,0,0,-0.0115825
4.12,-168.309,-1331.06,57.4347,-236.124,-1512.71,108.321,37.6892,-1.51042,-3.39055,11.714,-1.48086,-7.74114,2.67715,1.13814,-6.48984,2.66,0,0,13.9698,-1.10728,-1.48407,-105.358,-3.82165,-19.5582,-5.0481,-5.23558e-015,5.95251,-357.767,9.28872,5.87194,487.835,-48.5547,22.6654,0,0,-0.00536567,0,0,-1.8207,0,0,-0.0162451
4.13,-173.782,-1361.97,56.2159,-238.638,-1542.99,115.869,37.7066,-1.38449,-3.49766,8.9421,-2.05398,-8.33383,2.60212,0.871252,-4.9891,2.59227,0,0,14.0545,-1.0997,-1.4282,-108.109,-4.25861,-18.6211,2.83318,1.86985e-015,8.12383,-443.835,10.0314,8.14685,638.039,-72.9461,32.0988,0,0,-0.00186342,0,0,-1.94089,0,0,-0.0186013
4.14,-178.342,-1389.81,55.3487,-240.519,-1570.17,122.323,37.7242,-1.27231,-3.4917,6.6444,-2.50079,-8.80001,2.57933,0.6566,-3.77689,2.57372,0,0,14.1311,-1.09175,-1.37258,-110.4,-4.59553,-17.7493,10.1376,-3.36573e-015,9.9165,-513.647,11.9004,9.99214,761.307,-90.38,39.7256,0,0,-0.0170943,0,0,-1.79462,0,0,-0.0172256
4.15,-181.832,-1414.09,54.5059,-241.756,-1593.92,127.109,37.7512,-1.17395,-3.30591,4.90588,-2.81585,-9.15591,2.59974,0.512236,-2.95961,2.59629,0,0,14.2023,-1.08355,-1.31706,-112.156,-4.8334,-16.9993,16.1765,1.49588e-015,11.0345,-555.284,13.9489,11.1295,836.998,-97.7437,44.3952,0,0,-0.050002,0,0,-1.39015,0,0,-0.0115817
4.16,-184.198,-1434.49,53.4228,-242.379,-1614.07,129.765,37.7914,-1.08836,-2.88899,3.77385,-3.00422,-9.42454,2.63497,0.449136,-2.60199,2.63227,0,0,14.2704,-1.07515,-1.26165,-113.319,-4.97367,-16.409,20.4459,7.4794e-016,11.2587,-559.973,15.7581,11.3641,849.06,-92.1571,45.3598,0,0,-0.0889331,0,0,-0.823885,0,0,-0.00231244
4.17,-185.5,-1450.93,51.9474,-242.459,-1630.65,130.007,37.8438,-1.01444,-2.21192,3.24927,-3.07197,-9.63047,2.63777,0.46999,-2.7202,2.63479,0,0,14.3378,-1.06657,-1.20632,-113.846,-5.01721,-15.9929,22.5823,7.4794e-016,10.4413,-524.485,17.7225,10.5658,790.507,-71.5231,42.3419,0,0,-0.117022,0,0,-0.248738,0,0,0.00864961
4.18,-185.901,-1463.58,50.0738,-242.1,-1643.93,127.772,37.9034,-0.951959,-1.27147,3.28541,-3.02063,-9.79488,2.54731,0.568935,-3.28076,2.54313,0,0,14.4064,-1.05795,-1.15101,-113.716,-4.96648,-15.7375,22.2871,1.86985e-015,8.53509,-452.328,20.7865,8.69085,665.826,-35.5217,35.5363,0,0,-0.121127,0,0,0.187518,0,0,0.0181866
4.19,-185.647,-1472.87,47.9432,-241.429,-1654.35,123.229,37.9625,-0.901618,-0.0922832,3.79414,-2.8481,-9.92815,2.29979,0.732421,-4.20552,2.29359,0,0,14.477,-1.04919,-1.09569,-112.941,-4.82969,-15.5998,19.3275,-0,5.71055,-353.085,25.8369,5.89569,490.199,13.4746,25.6842,0,0,-0.098345,0,0,0.400837,0,0,0.0226631
4.2,-185.038,-1479.39,45.81,-240.569,-1662.53,116.749,38.0134,-0.865111,1.27451,4.65953,-2.55448,-10.0239,1.8393,0.941272,-5.38359,1.8312,0,0,14.5499,-1.04038,-1.04045,-111.563,-4.62461,-15.5113,13.6004,-1.49588e-015,2.47233,-241.487,33.109,2.6532,289.052,69.7091,14.2274,0,0,-0.0575678,0,0,0.396936,0,0,0.0191643
4.21,-184.391,-1483.86,43.9766,-239.631,-1669.15,108.841,38.0498,-0.844233,2.7545,5.75779,-2.14929,-10.0525,1.13212,1.17425,-6.69225,1.1244,0,0,14.6239,-1.03144,-0.985126,-109.662,-4.38064,-15.3894,5.29441,-2.47755e-015,-0.318202,-134.856,41.8381,-0.221799,94.7186,124.039,3.23538,0,0,-0.0152122,0,0,0.254964,0,0,0.00683961
4.22,-183.985,-1486.96,42.7124,-238.697,-1674.84,100.08,38.068,-0.839563,4.2581,6.97942,-1.65497,-9.9581,0.184472,1.41275,-8.02463,0.182664,0,0,14.6967,-1.02237,-0.92998,-107.352,-4.13856,-15.1551,-4.90229,-2.05683e-015,-1.65901,-49.0514,50.1596,-1.77718,-61.633,165.285,-5.10216,0,0,0.0129932,0,0,0.0789033,0,0,-0.0120761
4.23,-184.019,-1489.27,42.1769,-237.828,-1680.06,91.0326,38.0666,-0.849528,5.68939,8.24659,-1.10471,-9.66506,-0.942647,1.64496,-9.31335,-0.930214,0,0,14.7646,-1.01309,-0.874858,-104.782,-3.94529,-14.7554,-15.7123,1.70624e-015,-0.846562,6.59532,55.4699,-1.33883,-160.019,183.181,-9.27324,0,0,0.0193559,0,0,-0.0545307,0,0,-0.0318424
4.24,-184.567,-1491.18,42.3804,-237.074,-1685.07,82.1983,38.0443,-0.869301,6.95884,9.51949,-0.535227,-9.09565,-2.13639,1.86829,-10.5438,-2.1003,0,0,14.8231,-1.0035,-0.820016,-102.125,-3.84312,-14.183,-25.577,9.48949e-015,2.10069,33.4375,55.5023,1.08999,-200.802,171.994,-9.08634,0,0,0.00646214,0,0,-0.122351,0,0,-0.0445927
4.25,-185.573,-1492.94,43.2005,-236.491,-1689.93,73.9707,37.9976,-0.89129,7.99277,10.7865,0.0199893,-8.20407,-3.26031,2.08719,-11.7402,-3.19203,0,0,14.867,-0.993661,-0.765486,-99.542,-3.85392,-13.4873,-33.2808,-9.16226e-015,6.29833,41.3181,49.0496,4.68631,-202.969,136.345,-5.57403,0,0,-0.016386,0,0,-0.141698,0,0,-0.0442869
4.26,-186.877,-1494.62,44.436,-236.142,-1694.59,66.6295,37.9178,-0.905529,8.74022,12.0455,0.533378,-7.0043,-4.19,2.30808,-12.9369,-4.08345,0,0,14.8909,-0.983451,-0.711296,-97.1659,-3.9673,-12.7635,-38.1838,7.4794e-016,10.404,40.4273,36.8251,8.20321,-189.104,86.4487,-0.30976,0,0,-0.0414468,0,0,-0.136252,0,0,-0.0301447
4.27,-188.263,-1496.25,45.8642,-236.075,-1698.95,60.347,37.7911,-0.901467,9.17614,13.29,0.983093,-5.56636,-4.83682,2.53548,-14.1567,-4.68957,0,0,14.8897,-0.972946,-0.657583,-95.0841,-4.14219,-12.1228,-40.1836,-3.7397e-016,13.1469,33.9637,21.1027,10.4761,-155.12,25.8111,5.13874,0,0,-0.0490809,0,0,-0.114922,0,0,-0.00735888
4.28,-189.522,-1497.79,47.2853,-236.294,-1702.9,55.1915,37.5771,-0.856928,9.26658,14.5036,1.33001,-3.97846,-5.15478,2.76659,-15.383,-4.96962,0,0,14.8436,-0.961975,-0.604647,-93.3373,-4.31711,-11.6565,-39.6063,-0,13.789,23.0734,4.34578,10.8545,-87.3679,-49.5539,9.52956,0,0,-0.0271402,0,0,-0.0800715,0,0,0.0152749
4.29,-190.493,-1499.18,48.5509,-236.736,-1706.36,51.1327,37.3261,-0.801966,9.11551,15.6742,1.62047,-2.37436,-5.14657,3.00257,-16.6201,-4.931,0,0,14.796,-0.951067,-0.551747,-91.9278,-4.44579,-11.4022,-36.987,7.75987e-015,12.4924,23.0732,-8.97048,9.53084,-83.8481,-80.3796,11.9738,0,0,-0.0210243,0,0,-0.0678763,0,0,0.0308084
4.3,-191.096,-1500.38,49.5754,-237.284,-1709.29,48.0599,36.9548,-0.695041,8.6564,16.772,1.77756,-0.828681,-4.84113,3.21989,-17.7453,-4.61029,0,0,14.6987,-0.939833,-0.499719,-90.821,-4.4708,-11.3592,-33.2042,-2.1737e-015,10.0448,22.2369,-15.8801,7.26757,-60.2121,-108.375,12.1114,0,0,0.00269837,0,0,-0.0554639,0,0,0.0373791
4.31,-191.331,-1501.36,50.3327,-237.812,-1711.68,45.8115,36.4468,-0.54859,7.91927,17.7718,1.80016,0.56257,-4.29521,3.39723,-18.653,-4.06919,0,0,14.5448,-0.928366,-0.448535,-89.9677,-4.3651,-11.4892,-29.0797,-4.022e-015,7.41032,17.1774,-16.1929,4.95228,-2.64411,-118.971,10.2164,0,0,0.0578238,0,0,-0.0388065,0,0,0.0371995
4.32,-191.258,-1502.09,50.8432,-238.237,-1713.56,44.2122,35.8537,-0.368549,7.01596,18.6516,1.70921,1.68758,-3.58098,3.52129,-19.2822,-3.37987,0,0,14.3815,-0.917062,-0.397402,-89.3173,-4.13581,-11.7388,-25.1807,3.97343e-015,5.19196,19.1653,-10.3983,3.10351,8.73916,-104.127,6.97651,0,0,0.0674454,0,0,-0.0346116,0,0,0.0336997
4.33,-190.973,-1502.58,51.1563,-238.533,-1714.97,43.1009,35.1667,-0.153611,5.98194,19.3864,1.49904,2.48525,-2.76683,3.57641,-19.5602,-2.60704,0,0,14.2073,-0.906021,-0.346508,-88.8211,-3.79968,-12.065,-21.8842,2.61779e-015,3.45673,25.0089,-1.67882,1.72597,-8.16999,-84.1351,3.15902,0,0,0.0358627,0,0,-0.0316495,0,0,0.0292903
4.34,-190.575,-1502.86,51.3325,-238.71,-1715.99,42.3426,34.3385,0.0788566,4.80945,19.9535,1.17258,2.9465,-1.91238,3.55051,-19.4297,-1.80342,0,0,13.9843,-0.895058,-0.296309,-88.4364,-3.38216,-12.4356,-19.3512,-1.69163e-015,2.11868,24.1943,5.87554,0.699853,7.0124,-61.6041,-0.449724,0,0,0.039474,0,0,-0.0179379,0,0,0.025375
4.35,-190.148,-1502.97,51.4279,-238.797,-1716.66,41.8275,33.3991,0.32195,3.57768,20.3417,0.759956,3.06943,-1.07219,3.45088,-18.9257,-1.01423,0,0,13.7371,-0.88436,-0.246439,-88.1306,-2.92838,-12.8186,-17.5461,-2.30262e-015,1.07497,20.8482,11.3399,-0.0898261,21.3808,-41.3484,-3.36601,0,0,0.0481769,0,0,-0.00328989,0,0,0.0225033
4.36,-189.747,-1502.98,51.482,-238.83,-1717.08,41.472,32.355,0.566071,2.33375,20.5469,0.288924,2.90732,-0.282205,3.2918,-18.1145,-0.268204,0,0,13.4691,-0.874101,-0.196783,-87.8791,-2.47937,-13.1896,-16.3892,6.13544e-017,0.214915,15.5129,14.4636,-0.751592,32.9769,-26.6345,-5.42081,0,0,0.0614927,0,0,0.00791825,0,0,0.0207107
4.37,-189.393,-1502.95,51.5112,-238.839,-1717.3,41.2151,31.2126,0.803132,1.12038,20.5731,-0.21154,2.55217,0.440287,3.0952,-17.1014,0.420846,0,0,13.1833,-0.86424,-0.147369,-87.6664,-2.07042,-13.5282,-15.7442,3.06772e-015,-0.515029,7.58484,15.3576,-1.32888,49.6299,-17.7607,-6.54536,0,0,0.0945496,0,0,0.0129991,0,0,0.0196923
4.38,-189.084,-1502.96,51.5076,-238.844,-1717.39,41.0153,29.9785,1.02656,-0.026262,20.4314,-0.714416,2.11841,1.0934,2.88636,-16.0129,1.05097,0,0,12.8823,-0.854877,-0.0981412,-87.4839,-1.72729,-13.8177,-15.4488,-5.08365e-015,-1.11999,-1.71172,14.7081,-1.81523,70.1872,-13.9714,-6.84022,0,0,0.14602,0,0,0.0108811,0,0,0.0189375
4.39,-188.79,-1503.08,51.4431,-238.855,-1717.41,40.8459,28.6584,1.23169,-1.07843,20.1361,-1.19715,1.7222,1.68457,2.68945,-14.9753,1.62735,0,0,12.5678,-0.846054,-0.0490148,-87.3279,-1.46505,-14.0464,-15.3547,3.15537e-015,-1.60857,-10.0584,13.355,-2.21033,88.5613,-13.4842,-6.58488,0,0,0.200734,0,0,0.00357988,0,0,0.0180086
4.4,-188.476,-1503.4,51.2774,-238.875,-1717.39,40.6908,27.2573,1.41556,-2.01568,19.7019,-1.64244,1.46179,2.22411,2.5242,-14.0966,2.15712,0,0,12.2411,-0.837808,2.73337e-005,-87.1966,-1.28911,-14.2074,0,0,0,0,0,0,0,0,0,0,0,0,0,0,0,0,0,0
4.41,-188.103,-1503.96,50.9684,-238.903,-1717.36,40.541,25.7792,1.57664,-2.82359,19.1415,-2.03868,1.4049,2.72053,2.40424,-13.4542,2.64583,0,0,11.9025,-0.830181,0.0489399,-87.089,-1.1975,-14.2981,0,0,0,0,0,0,0,0,0,0,0,0,0,0,0,0,0,0
4.42,-187.639,-1504.82,50.4831,-238.937,-1717.32,40.3921,24.2272,1.71458,-3.49256,18.4646,-2.37974,1.58652,3.17847,2.33708,-13.0931,3.09575,0,0,11.5519,-0.823165,0.097712,-87.0032,-1.18374,-14.3191,0,0,0,0,0,0,0,0,0,0,0,0,0,0,0,0,0,0
4.43,-187.07,-1505.98,49.8039,-238.976,-1717.28,40.2422,22.8438,1.4552,-3.91276,17.6919,-2.61229,1.97699,3.59326,2.33675,-13.0914,3.49975,0,0,11.4129,-1.13875,0.297669,-86.9393,-1.24757,-14.2668,0,0,0,0,0,0,0,0,0,0,0,0,0,0,0,0,0,0

