Frame number,227
First frame,177
Point frequency,100
Analog frequency,200

Time,RHEE,,,RTOE,,,RHipAngles,,,RKneeAngles,,,RAnkleAngles,,,RAbsAnkleAngle,,,RPelvisAngles,,,RFootProgressAngles,,,RAnkleMoment,,,RKneeMoment,,,RHipMoment,,,RHipPower,,,RKneePower,,,RAnklePower,,
s,mm,mm,mm,mm,mm,mm,deg,deg,deg,deg,deg,deg,deg,deg,deg,deg,deg,deg,deg,deg,deg,deg,deg,deg,Nmm,Nmm,Nmm,Nmm,Nmm,Nmm,Nmm,Nmm,Nmm,W,W,W,W,W,W,W,W,W
,X,Y,Z,X,Y,Z,X,Y,Z,X,Y,Z,X,Y,Z,X,Y,Z,X,Y,Z,X,Y,Z,X,Y,Z,X,Y,Z,X,Y,Z,X,Y,Z,X,Y,Z,X,Y,Z
1.76,-131.179,-791.258,36.1102,-165.515,-975.806,44.1384,31.1787,5.12054,-2.91204,13.6967,-3.08929,-1.43593,-4.64978,2.02819,-11.716,-4.5527,0,0,171.673,-174.56,4.78572,-85.7054,3.50292,-171.31,0,0,0,0,0,0,0,0,0,0,0,0,0,0,0,0,0,0
1.77,-133.747,-794.462,38.3043,-165.683,-978.874,43.4965,31.9081,4.41588,-3.96662,12.3412,-3.82234,-2.5341,-8.04148,1.22445,-8.13547,-7.96001,0,0,171.545,-175.217,4.50014,-87.0773,2.96433,-171.997,0,0,0,0,0,0,0,0,0,0,0,0,0,0,0,0,0,0
1.78,-136.239,-796.939,40.7558,-166.079,-981.179,43.2208,32.6195,3.7607,-4.99336,11.0758,-4.44478,-3.45228,-11.2177,0.489175,-4.80085,-11.1778,0,0,171.43,-175.856,4.16958,-88.4022,2.16869,-172.595,0,0,0,0,0,0,0,0,0,0,0,0,0,0,0,0,0,0
1.79,-138.65,-798.671,43.4491,-166.701,-982.704,43.3143,33.3112,3.15642,-6.00023,9.91555,-4.96232,-4.19726,-14.1789,-0.180161,-1.73541,-14.1723,0,0,171.329,-176.477,3.79422,-89.656,1.1687,-173.098,0,0,0,0,0,0,0,0,0,0,0,0,0,0,0,0,0,0
1.8,-140.967,-799.613,46.3413,-167.546,-983.411,43.7832,33.9822,2.6046,-6.99396,8.87755,-5.38184,-4.7734,-16.9072,-0.784383,1.04109,-16.9043,0,0,171.247,-177.077,3.3749,-90.8102,0.0183814,-173.502,-21.2755,-1.08354e-015,7.38069,-113.898,42.7567,7.45155,36.315,79.0016,13.065,0,0,0.0326821,0,0,-0.169942,0,0,-0.127128
1.81,-143.169,-799.683,49.3522,-168.609,-983.227,44.6372,34.631,2.10732,-7.97881,7.98269,-5.71165,-5.18108,-19.3639,-1.32256,3.5103,-19.3261,0,0,171.186,-177.654,2.91346,-91.83,-1.22219,-173.801,-22.3607,1.47756e-015,6.46685,-123.009,44.7712,7.03712,45.8017,73.1448,14.7572,0,0,0.0133701,0,0,-0.158564,0,0,-0.11368
1.82,-145.228,-798.758,52.3624,-169.879,-982.041,45.8852,35.256,1.66708,-8.95532,7.25557,-5.96207,-5.41653,-21.491,-1.79246,5.6557,-21.3813,0,0,171.148,-178.202,2.41304,-92.6753,-2.48365,-173.99,-23.2949,-1.11638e-015,5.35873,-136.34,45.6362,6.4963,63.7111,64.336,16.7263,0,0,-0.0140514,0,0,-0.140009,0,0,-0.0960244
1.83,-147.115,-796.684,55.2231,-171.339,-979.716,47.5293,35.8544,1.28691,-9.91933,6.72244,-6.14605,-5.47289,-23.2171,-2.19131,7.46427,-23.009,0,0,171.137,-178.715,1.87829,-93.3039,-3.68736,-174.07,-23.9148,-2.75811e-015,4.1184,-152.83,45.4502,5.83824,89.5414,53.3709,18.8117,0,0,-0.0462497,0,0,-0.107555,0,0,-0.0739725
1.84,-148.797,-793.293,57.7741,-172.962,-976.095,49.5579,36.4216,0.969973,-10.8613,6.40779,-6.27915,-5.34204,-24.467,-2.51645,8.92752,-24.1515,0,0,171.154,-179.185,1.3154,-93.6768,-4.74916,-174.043,-24.0945,1.05071e-015,2.8392,-170.444,44.2619,5.08376,120.533,41.4208,20.7672,0,0,-0.0774005,0,0,-0.0561168,0,0,-0.0483658
1.85,-150.247,-788.422,59.8652,-174.71,-971.025,51.9403,36.9507,0.719297,-11.7664,6.33053,-6.37879,-5.01704,-25.1736,-2.76567,10.0411,-24.7618,0,0,171.2,-179.603,0.73187,-93.7637,-5.58695,-173.916,-23.7668,2.49544e-015,1.60612,-187.323,42.1003,4.24459,154.637,29.525,22.3867,0,0,-0.102808,0,0,0.0147784,0,0,-0.0210369
1.86,-151.446,-781.936,61.3759,-176.537,-964.372,54.6251,37.4329,0.537096,-12.615,6.50039,-6.4625,-4.49279,-25.2894,-2.93668,10.8008,-24.8108,0,0,171.275,-179.96,0.13633,-93.547,-6.12842,-173.702,-22.9089,-5.91024e-016,0.472487,-201.633,38.9638,3.31742,188.598,18.558,23.4862,0,0,-0.117336,0,0,0.100668,0,0,0.00547391
1.87,-152.389,-773.747,62.2307,-178.388,-956.039,57.5424,37.8571,0.424552,-13.384,6.91605,-6.54588,-3.76547,-24.7948,-3.02642,11.1979,-24.292,0,0,171.377,-180.247,-0.461911,-93.0251,-6.31912,-173.418,-21.5202,-6.89529e-016,-0.540516,-212.105,34.989,2.29394,219.65,9.22286,23.9476,0,0,-0.117684,0,0,0.193202,0,0,0.0283078
1.88,-153.087,-763.813,62.4081,-180.2,-945.972,60.6079,38.212,0.381291,-14.0492,7.56516,-6.64043,-2.83232,-23.7041,-3.03076,11.217,-23.2245,0,0,171.502,-180.459,-1.05328,-92.2145,-6.1301,-173.083,-19.6122,2.09321e-016,-1.41585,-218.02,30.5523,1.19229,244.645,2.20579,23.7094,0,0,-0.102475,0,0,0.282645,0,0,0.0447314
1.89,-153.567,-752.145,61.9424,-181.913,-934.165,63.727,38.4869,0.405222,-14.5876,8.42653,-6.75231,-1.69151,-22.0676,-2.94495,10.8374,-21.6539,0,0,171.646,-180.59,-1.62841,-91.1512,-5.56446,-172.722,-17.2072,4.02225e-016,-2.10466,-218.932,26.3291,0.0929243,260.462,-1.73026,22.7246,0,0,-0.0735269,0,0,0.359913,0,0,0.0527292
1.9,-153.871,-738.79,60.9191,-183.467,-920.652,66.799,38.6741,0.492321,-14.9812,9.47357,-6.88237,-0.344357,-19.9701,-2.76518,10.0389,-19.6517,0,0,171.803,-180.64,-2.17851,-89.8909,-4.66165,-172.361,-14.3833,2.08808e-016,-2.54761,-215.04,23.1484,-0.876848,265.232,-1.89046,20.9772,0,0,-0.0363787,0,0,0.418642,0,0,0.0517715
1.91,-154.051,-723.83,59.4648,-184.817,-905.504,69.7203,38.7698,0.636724,-15.219,10.6778,-7.02732,1.20214,-17.5235,-2.49051,8.81121,-17.3102,0,0,171.966,-180.611,-2.69575,-88.5069,-3.49521,-172.022,-11.3005,1.30518e-015,-2.67526,-206.417,21.7655,-1.55437,257.455,2.05182,18.4056,0,0,0.00131311,0,0,0.454354,0,0,0.0433875
1.92,-154.16,-707.362,57.7326,-185.939,-888.817,72.3899,38.7758,0.83074,-15.2966,12.0119,-7.18138,2.93022,-14.8542,-2.12496,7.16436,-14.7356,0,0,172.127,-180.509,-3.17364,-87.0846,-2.16424,-171.725,-8.2201,1.31339e-016,-2.45923,-193.39,22.6421,-1.81526,236.792,9.96579,14.949,0,0,0.0315159,0,0,0.464825,0,0,0.0310557
1.93,-154.248,-689.497,55.8853,-186.83,-870.703,74.7171,38.6988,1.06508,-15.217,13.4516,-7.33793,4.80683,-12.0872,-1.67878,5.13792,-12.0379,0,0,172.277,-180.341,-3.60726,-85.7125,-0.778601,-171.482,-5.44632,-1.6089e-015,-1.92213,-176.264,25.7758,-1.61955,203.852,20.8959,10.5767,0,0,0.0482448,0,0,0.449355,0,0,0.0190064
1.94,-154.357,-670.344,54.0781,-187.515,-851.287,76.6304,38.5503,1.32904,-14.9894,14.9761,-7.49057,6.7801,-9.3317,-1.16872,2.8054,-9.3204,0,0,172.41,-180.118,-3.99341,-84.4725,0.557862,-171.3,-3.2668,-2.95512e-016,-1.14199,-156.1,30.7732,-1.03479,161.685,33.7472,5.41336,0,0,0.0495739,0,0,0.410834,0,0,0.0106469
1.95,-154.525,-650.014,52.443,-188.037,-830.695,78.0853,38.3446,1.61131,-14.6279,16.5677,-7.63367,8.78159,-6.66983,-0.616446,0.269326,-6.66978,0,0,172.519,-179.855,-4.33076,-83.4305,1.7625,-171.179,-1.86846,-1.64173e-015,-0.217991,-134.216,36.8891,-0.195515,114.496,47.0666,-0.252568,0,0,0.0381552,0,0,0.354716,0,0,0.00742866
1.96,-154.784,-628.611,51.0785,-188.453,-809.051,79.0679,38.0968,1.90032,-14.151,18.2108,-7.76238,10.7328,-4.15347,-0.0460583,-2.35097,-4.14998,0,0,172.597,-179.564,-4.61962,-82.6301,2.78232,-171.115,-1.29612,1.16563e-015,0.748988,-112.682,43.2721,0.744211,68.4519,60.1328,-5.9738,0,0,0.0201981,0,0,0.290021,0,0,0.00877935
1.97,-155.164,-606.237,50.0463,-188.827,-786.473,79.594,37.8204,2.18508,-13.5798,19.8907,-7.87271,12.5577,-1.80722,0.519218,-4.93792,-1.80052,0,0,172.639,-179.258,-4.86183,-82.0911,3.59545,-171.1,-1.44441,-6.23859e-016,1.67665,-93.1804,49.054,1.6587,28.6542,72.3703,-11.2971,0,0,0.00235664,0,0,0.225501,0,0,0.0128842
1.98,-155.696,-582.982,49.3745,-189.224,-763.07,79.7016,37.5257,2.45558,-12.9374,21.5923,-7.96183,14.1945,0.363872,1.05956,-7.39174,0.360837,0,0,172.643,-178.952,-5.0604,-81.8129,4.20589,-171.123,-2.10981,9.85041e-016,2.50045,-76.9517,53.5926,2.46272,-1.15797,83.6497,-15.8804,0,0,-0.0104637,0,0,0.168475,0,0,0.0177221
1.99,-156.408,-558.936,49.0656,-189.708,-738.942,79.4421,37.2181,2.70313,-12.247,23.2992,-8.0286,15.6051,2.36551,1.56031,-9.64132,2.33208,0,0,172.608,-178.655,-5.21914,-81.7803,4.6355,-171.175,-3.06414,1.31339e-016,3.16934,-64.671,56.5012,3.10387,-19.0344,93.9005,-19.5422,0,0,-0.0158433,0,0,0.123752,0,0,0.0217845
2,-157.329,-534.179,49.1053,-190.333,-714.18,78.8697,36.8979,2.92043,-11.5308,24.9935,-8.07409,16.7783,4.20723,2.01264,-11.6475,4.12043,0,0,172.533,-178.377,-5.34238,-81.9703,4.91591,-171.245,-4.11274,6.56694e-016,3.65551,-56.091,57.7306,3.56214,-25.9204,102.855,-22.2834,0,0,-0.014008,0,0,0.092136,0,0,0.0243445
2.01,-158.485,-508.789,49.4709,-191.141,-688.863,78.0349,36.5606,3.10147,-10.8096,26.6554,-8.10207,17.7278,5.89797,2.41305,-13.3992,5.73688,0,0,172.421,-178.127,-5.43459,-82.358,5.08178,-171.328,-5.13959,-3.28347e-016,3.95151,-50.7558,57.4059,3.8381,-23.4352,110.228,-24.1803,0,0,-0.00582686,0,0,0.0726282,0,0,0.0253557
2.02,-159.899,-482.839,50.1378,-192.165,-663.065,76.9811,36.1975,3.24125,-10.1021,28.264,-8.11875,18.4864,7.44449,2.76251,-14.9069,7.1926,0,0,172.275,-177.912,-5.50012,-82.9195,5.16629,-171.42,-6.1056,1.64173e-015,4.08259,-47.8473,55.7846,3.96151,-14.5947,115.649,-25.3386,0,0,0.00728032,0,0,0.0623182,0,0,0.0251958
2.03,-161.587,-456.402,51.0823,-193.422,-636.848,75.7458,35.7972,3.33559,-9.42444,29.7987,-8.13218,19.0984,8.85188,3.0652,-16.1958,8.49793,0,0,172.099,-177.736,-5.54299,-83.6334,5.19824,-171.52,-7.0285,1.97008e-016,4.09964,-46.4854,53.167,3.98431,-2.55164,118.806,-25.8463,0,0,0.0240201,0,0,0.0577537,0,0,0.0243734
2.04,-163.555,-429.548,52.2831,-194.921,-610.272,74.3635,35.347,3.38058,-8.79019,31.2398,-8.15108,19.6113,10.1251,3.32718,-17.2975,9.66269,0,0,171.898,-177.603,-5.56674,-84.4801,5.20067,-171.628,-7.94589,-1.57607e-015,4.0706,-45.9441,49.8526,3.97346,9.90437,119.681,-25.7711,0,0,0.0431141,0,0,0.0559403,0,0,0.0233162
2.05,-165.8,-402.348,53.722,-196.66,-583.388,72.8696,34.8343,3.37252,-8.2101,32.5701,-8.1835,20.0696,11.2705,3.55524,-18.2457,10.697,0,0,171.677,-177.516,-5.57442,-85.4414,5.1905,-171.745,-8.8813,1.97008e-016,4.05637,-45.4221,46.1109,3.98817,20.0541,118.281,-25.1602,0,0,0.0625118,0,0,0.054118,0,0,0.0222576
2.06,-168.306,-374.873,55.3838,-198.632,-556.249,71.3023,34.2479,3.30789,-7.69182,33.7755,-8.23553,20.5081,12.2962,3.75585,-19.0712,11.6116,0,0,171.443,-177.477,-5.5685,-86.4991,5.17916,-171.868,-9.83728,6.23859e-016,4.10127,-44.481,42.1824,4.07072,26.3129,114.977,-24.0784,0,0,0.0799833,0,0,0.0508971,0,0,0.0212775
2.07,-171.045,-347.199,57.2556,-200.829,-528.901,69.7023,33.5788,3.18375,-7.23988,34.8456,-8.31034,20.9488,13.2119,3.93441,-19.7988,12.4181,0,0,171.2,-177.485,-5.55097,-87.6351,5.17385,-171.991,-10.797,1.74024e-015,4.21795,-42.8082,38.2741,4.2317,27.8059,110.115,-22.6125,0,0,0.0929112,0,0,0.04566,0,0,0.0203471
2.08,-173.981,-319.399,59.327,-203.241,-501.393,68.1122,32.8205,2.99804,-6.85513,35.7733,-8.40736,21.3997,14.028,4.09491,-20.4471,13.1278,0,0,170.953,-177.541,-5.5234,-88.8316,5.17889,-172.106,-11.7331,1.59248e-015,4.39098,-40.304,34.5749,4.45386,24.4311,104.213,-20.8853,0,0,0.098909,0,0,0.038599,0,0,0.0193928
2.09,-177.07,-291.551,61.5895,-205.861,-473.773,66.5743,31.9696,2.75011,-6.53472,36.5546,-8.5221,21.8555,14.7544,4.23985,-21.0278,13.7518,0,0,170.707,-177.641,-5.48713,-90.0714,5.197,-172.2,-12.6158,-1.70946e-015,4.58351,-37.1258,31.245,4.69898,16.6964,97.7998,-19.053,0,0,0.0963072,0,0,0.030534,0,0,0.0183289
2.1,-180.267,-263.729,64.0367,-208.68,-446.088,65.129,31.025,2.44098,-6.27234,37.1886,-8.6465,22.3016,15.3997,4.37042,-21.5469,14.2997,0,0,170.466,-177.781,-5.44328,-91.3383,5.23013,-172.262,-13.425,-8.20867e-017,4.74061,-33.3792,28.354,4.91154,5.43087,91.1115,-17.2343,0,0,0.0841525,0,0,0.0222718,0,0,0.0170792
2.11,-183.528,-236.006,66.6623,-211.692,-418.387,63.8122,29.9886,2.07358,-6.05843,37.6764,-8.76961,22.7163,15.9702,4.48679,-22.0064,14.779,0,0,170.232,-177.957,-5.39299,-92.618,5.28009,-172.282,-14.1641,2.82378e-015,4.80812,-29.402,25.8519,5.03768,-8.00963,84.3141,-15.5061,0,0,0.0631101,0,0,0.0147546,0,0,0.0156134
2.12,-186.812,-208.446,69.4589,-214.885,-390.722,62.6552,28.8641,1.65269,-5.88093,38.0214,-8.87851,23.0766,16.4702,4.58857,-22.4058,15.1955,0,0,170.01,-178.163,-5.33746,-93.8984,5.34837,-172.252,-14.8552,-1.77307e-015,4.74297,-25.2552,23.7258,5.03533,-22.8121,77.3798,-13.9286,0,0,0.0337654,0,0,0.00839729,0,0,0.0139524
2.13,-190.088,-181.111,72.416,-218.246,-363.143,61.6841,27.6577,1.1847,-5.72646,38.2285,-8.95974,23.3608,16.903,4.67516,-22.7438,15.5538,0,0,169.799,-178.392,-5.27798,-95.1685,5.43589,-172.168,-15.5366,-8.86537e-016,4.52507,-21.0097,21.9616,4.88564,-38.1179,70.326,-12.5455,0,0,-0.00237379,0,0,0.00347954,0,0,0.0121779
2.14,-193.332,-154.053,75.5195,-221.753,-335.71,60.9214,26.3768,0.677374,-5.58148,38.3037,-9.00071,23.5518,17.2722,4.74606,-23.0192,15.8589,0,0,169.601,-178.637,-5.21605,-96.4177,5.54237,-172.031,-16.2428,8.20867e-016,4.1592,-16.4864,20.6401,4.59405,-53.8155,63.2387,-11.4072,0,0,-0.0445663,0,0,0.000128197,0,0,0.0104102
2.15,-196.527,-127.322,78.751,-225.38,-308.486,60.3871,25.0303,0.139793,-5.43408,38.2536,-8.99154,23.639,17.5833,4.80107,-23.2321,16.1168,0,0,169.416,-178.892,-5.15337,-97.6347,5.66602,-171.845,-16.9949,-5.91024e-016,3.66525,-11.4395,19.8356,4.18039,-70.2215,56.1146,-10.5381,0,0,-0.0927851,0,0,-0.00140626,0,0,0.0087857
2.16,-199.67,-100.966,82.0861,-229.097,-281.544,60.0986,23.6284,-0.418207,-5.27575,38.085,-8.92643,23.6191,17.8445,4.84021,-23.3832,16.3359,0,0,169.244,-179.149,-5.09178,-98.807,5.80345,-171.618,-17.7844,-1.28055e-015,3.06982,-5.54275,19.5652,3.66999,-87.663,48.8708,-9.9107,0,0,-0.146967,0,0,-0.000685001,0,0,0.00743585
2.17,-202.761,-75.0331,85.4937,-232.869,-254.962,60.0699,22.1821,-0.986408,-5.10238,37.8053,-8.80456,23.4953,18.0665,4.86373,-23.4738,16.5264,0,0,169.084,-179.403,-5.03329,-99.9205,5.94993,-171.361,-18.5832,-1.357e-015,2.40566,1.44669,19.77,3.09343,-106.428,41.384,-9.4587,0,0,-0.206837,0,0,0.00287291,0,0,0.0064819
2.18,-205.81,-49.5758,88.935,-236.659,-228.827,60.31,20.7037,-1.55475,-4.91516,37.4215,-8.63031,23.2769,18.2626,4.87188,-23.5052,16.7006,0,0,168.933,-179.649,-4.97995,-100.96,6.09974,-171.085,-19.3434,-1.41189e-015,1.70356,9.70894,20.266,2.4788,-126.416,33.4151,-9.05225,0,0,-0.271106,0,0,0.00988404,0,0,0.00601764
2.19,-208.824,-24.6512,92.3631,-240.43,-203.232,60.8208,19.2061,-2.1136,-4.7201,36.9411,-8.41265,22.9774,18.4472,4.86484,-23.4781,16.872,0,0,168.791,-179.882,-4.93385,-101.91,6.24685,-170.803,-19.9991,-1.37906e-015,0.997175,19.3451,20.786,1.85642,-147.455,24.5068,-8.52616,0,0,-0.338328,0,0,0.0208939,0,0,0.00609105
2.2,-211.81,-0.321703,95.7222,-244.144,-178.271,61.5944,17.7024,-2.65423,-4.52721,36.3708,-8.16391,22.6124,18.635,4.84259,-23.3924,17.0541,0,0,168.655,-180.1,-4.89701,-102.754,6.38569,-170.525,-20.4683,-7.22363e-016,0.322511,30.2903,21.0185,1.25808,-169,14.3005,-7.71807,0,0,-0.405751,0,0,0.0361771,0,0,0.00667614
2.21,-214.77,23.3457,98.9485,-247.766,-154.04,62.6101,16.2055,-3.16884,-4.3489,35.7172,-7.8982,22.1965,18.8387,4.8048,-23.2466,17.2589,0,0,168.524,-180.3,-4.87142,-103.478,6.51191,-170.262,-20.6589,1.18205e-015,-0.282719,42.3071,20.6402,0.716281,-190.329,2.41425,-6.4901,0,0,-0.470065,0,0,0.0555837,0,0,0.00764289
2.22,-217.691,46.2811,101.972,-251.266,-130.63,63.8315,14.728,-3.65068,-4.19802,34.9867,-7.62959,21.7411,19.0674,4.75102,-23.0384,17.4951,0,0,168.398,-180.482,-4.85899,-104.071,6.62321,-170.016,-20.4779,1.97008e-015,-0.784837,55.0726,19.3906,0.258441,-210.591,-11.3181,-4.76639,0,0,-0.527417,0,0,0.0785711,0,0,0.00874231
2.23,-220.552,68.4133,104.719,-254.62,-108.124,65.2028,13.2815,-4.09386,-4.08567,34.1846,-7.37055,21.2525,19.3244,4.68072,-22.7654,17.7664,0,0,168.274,-180.647,-4.86169,-104.527,6.72004,-169.789,-19.8541,1.44473e-015,-1.15482,68.1676,17.0989,-0.0932088,-228.862,-26.8577,-2.54696,0,0,-0.573886,0,0,0.104236,0,0,0.00963233
2.24,-223.318,89.6722,107.116,-257.81,-86.5959,66.6469,11.8763,-4.49331,-4.01888,33.3154,-7.13049,20.7302,19.6048,4.59351,-22.4252,18.0687,0,0,168.151,-180.794,-4.88157,-104.844,6.80609,-169.575,-18.7681,3.94016e-016,-1.37295,81.2024,13.7128,-0.324672,-244.753,-43.8855,0.0924708,0,0,-0.607174,0,0,0.131604,0,0,0.00996298
2.25,-225.942,109.99,109.092,-260.831,-66.1023,68.0656,10.5213,-4.84467,-3.99942,32.3826,-6.91507,20.1662,19.8949,4.48924,-22.0161,18.3899,0,0,168.031,-180.926,-4.92084,-105.029,6.88822,-169.365,-17.276,-1.83874e-015,-1.43343,93.7237,9.28331,-0.432514,-257.887,-61.7593,3.00442,0,0,-0.625475,0,0,0.159622,0,0,0.00950012
2.26,-228.371,129.306,110.581,-263.683,-46.6863,69.3439,9.22364,-5.14443,-4.02297,31.3886,-6.72587,19.545,20.1733,4.36814,-21.5379,18.7101,0,0,167.914,-181.045,-4.98183,-105.096,6.97575,-169.145,-15.5128,3.02079e-015,-1.3548,105.302,3.97327,-0.431827,-268.474,-79.5618,5.97786,0,0,-0.628928,0,0,0.187342,0,0,0.00823066
2.27,-230.543,147.562,111.526,-266.376,-28.3769,70.359,7.98923,-5.39011,-4.07968,30.3352,-6.5608,18.846,20.4134,4.23092,-20.9921,19.0045,0,0,167.8,-181.153,-5.06703,-105.062,7.07882,-168.897,-13.6797,3.94016e-016,-1.18511,115.553,-1.98134,-0.359807,-277.021,-96.2487,8.76946,0,0,-0.618858,0,0,0.213911,0,0,0.00638011
2.28,-232.395,164.709,111.879,-268.922,-11.1914,70.9909,6.82308,-5.58044,-4.15554,29.2251,-6.41482,18.0457,20.588,4.07871,-20.3819,19.2463,0,0,167.692,-181.253,-5.17898,-104.947,7.20624,-168.6,-12.0122,1.57607e-015,-0.990225,124.084,-8.21107,-0.265678,-284.211,-110.72,11.0929,0,0,-0.597312,0,0,0.238371,0,0,0.00430988
2.29,-233.87,180.705,111.599,-271.334,4.86037,71.1344,5.72993,-5.71571,-4.23447,28.0623,-6.28124,17.1227,20.6735,3.91308,-19.7122,19.4116,0,0,167.591,-181.347,-5.32017,-104.771,7.3632,-168.235,-10.7572,-2.10142e-015,-0.842916,130.505,-14.3708,-0.202506,-290.484,-122.174,12.7258,0,0,-0.566083,0,0,0.259419,0,0,0.00236231
2.3,-234.916,195.515,110.658,-273.617,19.7727,70.711,4.71481,-5.7975,-4.30057,26.8541,-6.15305,16.0622,20.6547,3.73609,-18.9902,19.4836,0,0,167.5,-181.439,-5.49289,-104.547,7.54945,-167.788,-10.1367,-6.56694e-016,-0.803828,134.458,-20.0629,-0.213595,-296.115,-130.173,13.4995,0,0,-0.526661,0,0,0.275357,0,0,0.000716065
2.31,-235.494,209.113,109.03,-275.768,33.5393,69.6787,3.78345,-5.82848,-4.34031,25.6113,-6.0246,14.8603,20.5291,3.55043,-18.2258,19.4564,0,0,167.421,-181.529,-5.69908,-104.282,7.75843,-167.246,-10.3219,-1.57607e-015,-0.91638,135.638,-25.0014,-0.331438,-300.973,-134.771,13.3843,0,0,-0.479685,0,0,0.284091,0,0,-0.000631217
2.32,-235.581,221.48,106.699,-277.772,46.1492,68.0394,2.94246,-5.81149,-4.34411,24.349,-5.89277,13.5276,20.3101,3.35966,-17.4332,19.3391,0,0,167.359,-181.621,-5.94011,-103.974,7.97799,-166.607,-11.3962,-1.44473e-015,-1.18195,133.764,-28.8056,-0.557052,-304.661,-135.935,12.4082,0,0,-0.425261,0,0,0.283427,0,0,-0.00176557
2.33,-235.171,232.603,103.653,-279.604,57.5853,65.8435,2.19914,-5.74907,-4.30735,23.0865,-5.75753,12.0912,20.0286,3.1685,-16.6317,19.1572,0,0,167.314,-181.715,-6.21666,-103.608,8.19263,-165.876,-13.3239,1.05071e-015,-1.56262,128.625,-30.9762,-0.86214,-306.698,-133.157,10.6447,0,0,-0.363677,0,0,0.271606,0,0,-0.00262332
2.34,-234.277,242.478,99.8831,-281.234,67.8248,63.19,1.56118,-5.64288,-4.23053,21.8472,-5.62147,10.5947,19.732,2.9831,-15.8478,18.9528,0,0,167.292,-181.81,-6.52854,-103.156,8.3869,-165.067,-15.9175,-4.20284e-015,-1.99284,120.009,-31.0445,-1.19699,-306.155,-125.947,8.25478,0,0,-0.295573,0,0,0.247607,0,0,-0.00276946
2.35,-232.935,251.109,95.3935,-282.634,76.8433,60.2208,1.036,-5.49351,-4.11862,20.6575,-5.48874,9.09573,19.4806,2.81098,-15.1144,18.781,0,0,167.296,-181.904,-6.8745,-102.581,8.54929,-164.197,-18.8328,-3.15213e-015,-2.40518,107.844,-28.6599,-1.51007,-302.221,-113.958,5.46624,0,0,-0.223104,0,0,0.211908,0,0,-0.0013863
2.36,-231.199,258.515,90.2062,-283.781,84.6237,57.1094,0.630029,-5.29992,-3.97979,19.5464,-5.36415,7.66118,19.3402,2.66066,-14.4696,18.7035,0,0,167.328,-181.993,-7.2521,-101.841,8.67498,-163.291,-21.6016,2.88945e-015,-2.73908,92.0286,-23.6593,-1.75281,-293.825,-97.1653,2.54793,0,0,-0.149663,0,0,0.166525,0,0,0.00233549
2.37,-229.148,264.734,84.3757,-284.671,91.1679,54.043,0.347981,-5.05923,-3.82385,18.5437,-5.25253,6.36188,19.3723,2.54111,-13.954,18.7788,0,0,167.394,-182.069,-7.65751,-100.899,8.76601,-162.375,-23.7036,4.20284e-015,-2.96862,72.7573,-16.0811,-1.9056,-280.485,-75.6939,-0.273607,0,0,-0.0804466,0,0,0.115762,0,0,0.00854453
2.38,-226.879,269.829,78.0048,-285.314,96.5093,51.2004,0.19248,-4.76669,-3.6608,17.6802,-5.15823,5.26711,19.6225,2.4609,-13.6068,19.0501,0,0,167.496,-182.124,-8.0854,-99.7338,8.82775,-161.474,-24.6766,-1.83874e-015,-3.08995,50.6944,-6.22735,-1.96856,-262.632,-50.0313,-2.84652,0,0,-0.0215778,0,0,0.0661623,0,0,0.0161641
2.39,-224.508,273.893,71.2579,-285.733,100.722,48.7279,0.163869,-4.41591,-3.49975,16.9862,-5.08487,4.43934,20.1101,2.42723,-13.4607,19.5348,0,0,167.639,-182.145,-8.52879,-98.3534,8.86283,-160.615,-24.2647,-5.38489e-015,-3.11137,27.1876,5.31781,-1.95429,-241.833,-21.038,-5.1283,0,0,0.0213663,0,0,0.0256333,0,0,0.0230421
2.4,-222.162,277.052,64.3641,-285.965,103.925,46.7214,0.260399,-3.99968,-3.34828,16.4906,-5.03493,3.92874,20.8221,2.44499,-13.5378,20.2178,0,0,167.825,-182.12,-8.97902,-96.7991,8.86485,-159.821,-22.5294,-5.25355e-016,-3.02412,4.05499,17.6713,-1.86014,-220.164,9.83756,-7.14455,0,0,0.0450865,0,0,0.00109859,0,0,0.0269695
2.41,-219.969,279.45,57.6033,-286.047,106.269,45.2206,0.47826,-3.51072,-3.21212,16.2188,-5.00945,3.768,21.7151,2.51614,-13.8461,21.0536,0,0,168.056,-182.035,-9.42563,-95.1446,8.8157,-159.114,-19.8054,-3.02079e-015,-2.80601,-16.7729,29.726,-1.67108,-199.158,40.4741,-8.95154,0,0,0.049427,0,0,-0.00415884,0,0,0.0268854
2.42,-218.045,281.235,51.2737,-286.02,107.92,44.2131,0.811155,-2.94272,-3.0946,16.1899,-5.00754,3.96764,22.7238,2.6398,-14.3798,21.974,0,0,168.332,-181.876,-9.85642,-93.485,8.6881,-158.508,-16.5784,3.28347e-015,-2.44075,-33.7251,40.3766,-1.37521,-178.919,68.7275,-10.6111,0,0,0.036342,0,0,0.00778716,0,0,0.0233549
2.43,-216.476,282.541,45.6513,-285.925,109.04,43.6446,1.24968,-2.29157,-2.99576,16.412,-5.02511,4.51296,23.7719,2.81277,-15.1221,22.9009,0,0,168.651,-181.63,-10.2576,-91.921,8.45262,-158.009,-13.359,-3.62823e-015,-1.94571,-46.1247,48.6419,-0.985347,-157.329,92.377,-12.1258,0,0,0.00843061,0,0,0.0300613,0,0,0.0180746
2.44,-215.315,283.474,40.9501,-285.809,109.765,43.4334,1.77993,-1.5571,-2.91135,16.878,-5.05323,5.36378,24.7837,3.03045,-16.0486,23.7569,0,0,169.01,-181.288,-10.6141,-90.543,8.08628,-157.617,-10.5814,2.87714e-015,-1.39435,-54.404,53.6064,-0.556041,-130.014,109.005,-13.3591,0,0,-0.0320974,0,0,0.0540825,0,0,0.012844
2.45,-214.568,284.108,37.2925,-285.716,110.204,43.4851,2.38223,-0.744231,-2.83175,17.5618,-5.07696,6.45781,25.6936,3.28771,-17.1324,24.4765,0,0,169.402,-180.847,-10.9101,-89.4177,7.57955,-157.321,-8.54091,1.55144e-015,-0.893526,-59.6537,54.6151,-0.16276,-92.3552,116.398,-14.0709,0,0,-0.0823264,0,0,0.073102,0,0,0.00872937
2.46,-214.2,284.497,34.6959,-285.685,110.438,43.7066,3.03014,0.136338,-2.74154,18.4165,-5.07542,7.71668,26.4517,3.57932,-18.3452,25.0118,0,0,169.82,-180.308,-11.13,-88.5803,6.93975,-157.107,-7.37329,-1.2313e-017,-0.548935,-63.0135,51.4016,0.124277,-41.8838,113.012,-13.9856,0,0,-0.135827,0,0,0.0839468,0,0,0.00581164
2.47,-214.145,284.683,33.0781,-285.739,110.529,44.0165,3.69106,1.0683,-2.62042,19.376,-5.024,9.0529,27.027,3.89967,-19.6578,25.3361,0,0,170.255,-179.679,-11.2596,-88.0336,6.19074,-156.963,-7.06598,-1.94135e-015,-0.428493,-65.061,44.241,0.264293,19.1648,98.5609,-12.9099,0,0,-0.180361,0,0,0.0862586,0,0,0.00348573
2.48,-214.317,284.713,32.2803,-285.878,110.533,44.3519,4.32893,2.0309,-2.44639,20.3602,-4.89852,10.3772,27.4062,4.24195,-21.0362,25.4433,0,0,170.695,-178.978,-11.287,-87.7517,5.36951,-156.879,-7.47035,-2.94691e-015,-0.548921,-65.3307,33.95,0.247678,82.7244,73.9065,-10.8266,0,0,-0.199134,0,0,0.0804067,0,0,0.000979823
2.49,-214.625,284.638,32.099,-286.082,110.496,44.6701,4.90936,3.00084,-2.20113,21.285,-4.68097,11.6044,27.5898,4.59716,-22.4395,25.3452,0,0,171.13,-178.226,-11.2041,-87.688,4.52147,-156.847,-8.35387,-1.34622e-015,-0.862337,-62.9499,21.9155,0.104611,137.53,41.4614,-7.93866,0,0,-0.180478,0,0,0.0674532,0,0,-0.00212252
2.5,-214.983,284.511,32.3218,-286.317,110.459,44.9471,5.40608,3.95461,-1.8758,22.0736,-4.3651,12.6587,27.5883,4.95353,-23.8186,25.0665,0,0,171.547,-177.451,-11.0076,-87.7842,3.69461,-156.864,-9.4759,2.05217e-015,-1.26731,-57.6162,9.76275,-0.0990669,173.423,5.05654,-4.60191,0,0,-0.127109,0,0,0.0502804,0,0,-0.00568395
2.51,-215.321,284.375,32.7558,-286.542,110.451,45.1741,5.8063,4.8706,-1.47546,22.668,-3.9599,13.4802,27.4184,5.29711,-25.1203,24.641,0,0,171.938,-176.682,-10.6997,-87.9796,2.93299,-156.925,-10.629,-9.02954e-016,-1.63486,-49.9191,-0.942657,-0.276624,184.575,-30.614,-1.27862,0,0,-0.0563376,0,0,0.0328779,0,0,-0.00917048
2.52,-215.589,284.263,33.2468,-286.722,110.488,45.3529,6.11371,5.73036,-1.02017,23.0379,-3.48942,14.0314,27.1014,5.61352,-26.2944,24.1062,0,0,172.292,-175.947,-10.2879,-88.219,2.2706,-157.023,-11.6641,-3.80062e-015,-1.86951,-40.9555,-9.13888,-0.366219,170.527,-61.1477,1.59697,0,0,0.00962606,0,0,0.0185305,0,0,-0.0120365
2.53,-215.76,284.191,33.688,-286.829,110.572,45.4921,6.34763,6.51943,-0.542383,23.1835,-2.98844,14.3,26.662,5.88992,-27.3004,23.4997,0,0,172.601,-175.272,-9.78473,-88.458,1.72758,-157.15,-12.4957,-4.07971e-015,-1.92009,-31.9986,-14.2584,-0.335173,136.022,-83.0546,3.6749,0,0,0.0545405,0,0,0.00856034,0,0,-0.0139501
2.54,-215.83,284.161,34.0185,-286.848,110.693,45.603,6.53868,7.22699,-0.0809601,23.1323,-2.49513,14.2983,26.1277,6.11654,-28.1115,22.8565,0,0,172.861,-174.68,-9.20691,-88.6654,1.3096,-157.296,-13.0973,4.27672e-015,-1.79884,-24.2125,-16.4483,-0.196322,89.6767,-94.7857,4.83401,0,0,0.0748167,0,0,0.00256721,0,0,-0.0148928
2.55,-215.811,284.168,34.2162,-286.776,110.838,45.6979,6.72223,7.84556,0.326223,22.9304,-2.04325,14.0569,25.5271,6.28758,-28.7154,22.2062,0,0,173.069,-174.183,-8.57348,-88.8224,1.01015,-157.451,-13.4811,-9.85041e-017,-1.55114,-18.3762,-16.2517,0.015668,41.3464,-96.6421,5.13267,0,0,0.0772602,0,0,-0.000875346,0,0,-0.0150471
2.56,-215.726,284.197,34.2875,-286.622,110.989,45.7885,6.93095,8.37076,0.648939,22.6313,-1.65674,13.6177,24.8872,6.40138,-29.1132,21.5717,0,0,173.225,-173.79,-7.90437,-88.9209,0.814354,-157.606,-13.6796,-3.51742e-015,-1.23866,-14.9452,-14.5086,0.254992,0.260854,-90.8217,4.78596,0,0,0.0718612,0,0,-0.00320336,0,0,-0.0146773
2.57,-215.601,284.236,34.2562,-286.396,111.132,45.8848,7.18872,8.80115,0.869124,22.2843,-1.34774,13.0278,24.2307,6.46043,-29.3185,20.9678,0,0,173.333,-173.503,-7.21876,-88.961,0.703161,-157.755,-13.735,1.75871e-015,-0.914642,-14.0331,-12.0445,0.483987,-27.1213,-80.1938,4.05453,0,0,0.0645131,0,0,-0.00536638,0,0,-0.014035
2.58,-215.461,284.271,34.1543,-286.116,111.254,45.9939,7.50688,9.13839,0.982065,21.9266,-1.11813,12.3357,23.5743,6.471,-29.3551,20.4008,0,0,173.398,-173.315,-6.53376,-88.9482,0.656799,-157.895,-13.6863,5.13042e-016,-0.616116,-15.3066,-9.53634,0.677776,-38.4618,-67.9252,3.19391,0,0,0.0557256,0,0,-0.00760871,0,0,-0.0133173
2.59,-215.327,284.292,34.0137,-285.796,111.348,46.12,7.88351,9.38735,0.99442,21.5784,-0.963014,11.5883,22.9277,6.44224,-29.2553,19.8695,0,0,173.429,-173.219,-5.8636,-88.8911,0.657506,-158.024,-13.5642,1.42626e-016,-0.364697,-18.0372,-7.36468,0.822845,-35.4186,-56.4243,2.38513,0,0,0.0433743,0,0,-0.00977771,0,0,-0.0126595
2.6,-215.214,284.294,33.8617,-285.452,111.414,46.2644,8.30579,9.5557,0.92027,21.2442,-0.874373,10.8274,22.2934,6.38446,-29.0543,19.3667,0,0,173.435,-173.202,-5.21918,-88.7993,0.691233,-158.143,-13.3945,-3.28963e-015,-0.167309,-21.3389,-5.63265,0.916919,-22.517,-46.978,1.71981,0,0,0.0268325,0,0,-0.0117613,0,0,-0.0121461
2.61,-215.128,284.275,33.7181,-285.096,111.454,46.4252,8.75393,9.65314,0.776584,20.9164,-0.843637,10.087,21.6683,6.30736,-28.7848,18.8813,0,0,173.423,-173.251,-4.60804,-88.6826,0.748137,-158.256,-13.2008,3.13212e-015,-0.0200033,-24.4363,-4.31172,0.966145,-5.12156,-40.0369,1.23124,0,0,0.00836786,0,0,-0.0136627,0,0,-0.0118229
2.62,-215.072,284.236,33.5944,-284.739,111.473,46.5982,9.20596,9.69026,0.579682,20.5801,-0.862961,9.39084,21.0451,6.21872,-28.4731,18.401,0,0,173.402,-173.354,-4.03456,-88.5499,0.822173,-158.364,-13.0062,-5.00216e-016,0.0833367,-26.7557,-3.27071,0.977526,11.6097,-35.2642,0.894447,0,0,-0.00796574,0,0,-0.0156213,0,0,-0.0117007
2.63,-215.045,284.183,33.4949,-284.392,111.479,46.7784,9.6419,9.67758,0.343058,20.2192,-0.925451,8.75196,20.4154,6.12364,-28.1367,17.9148,0,0,173.377,-173.5,-3.50038,-88.4085,0.91006,-158.471,-12.8316,-2.02677e-015,0.152145,-28.0888,-2.40163,0.960343,24.085,-32.1545,0.670597,0,0,-0.0189527,0,0,-0.0176692,0,0,-0.011761
2.64,-215.044,284.121,33.418,-284.059,111.476,46.9604,10.0468,9.62461,0.0768934,19.8205,-1.02493,8.17362,19.7718,6.02465,-27.7841,17.4141,0,0,173.351,-173.677,-3.00486,-88.2639,1.0101,-158.577,-12.6914,-2.33332e-015,0.190302,-28.4017,-1.6711,0.917907,30.1469,-30.3271,0.532175,0,0,-0.0233888,0,0,-0.0196026,0,0,-0.0119565
2.65,-215.065,284.055,33.3582,-283.747,111.469,47.14,10.4125,9.53962,-0.211403,19.3763,-1.15552,7.65144,19.1097,5.92231,-27.4171,16.8943,0,0,173.327,-173.877,-2.54569,-88.1203,1.12117,-158.684,-12.5929,-3.26808e-015,0.205513,-27.9283,-1.04614,0.856814,29.5047,-29.3854,0.447631,0,0,-0.0224027,0,0,-0.0211742,0,0,-0.0122284
2.66,-215.103,283.99,33.3086,-283.456,111.461,47.3142,10.7375,9.42972,-0.515916,18.8859,-1.31144,7.17636,18.4282,5.81615,-27.0337,16.3543,0,0,173.302,-174.093,-2.11941,-87.9801,1.24194,-158.794,-12.5351,-3.58616e-016,0.201419,-26.8454,-0.528809,0.779675,22.807,-29.1402,0.400025,0,0,-0.0179991,0,0,-0.0220953,0,0,-0.01251
2.67,-215.157,283.932,33.2621,-283.187,111.451,47.4813,11.0262,9.30102,-0.830945,18.3551,-1.48687,6.7371,17.7301,5.70553,-26.6313,15.7967,0,0,173.276,-174.319,-1.72194,-87.8449,1.37058,-158.908,-12.5087,-1.00685e-015,0.180344,-25.3374,-0.178675,0.687937,11.6095,-29.5728,0.39277,0,0,-0.0121863,0,0,-0.0222243,0,0,-0.0127361
2.68,-215.223,283.882,33.2129,-282.937,111.439,47.6406,11.2872,9.15928,-1.15003,17.7947,-1.67617,6.32207,17.0211,5.59026,-26.2089,15.2261,0,0,173.246,-174.549,-1.34907,-87.7152,1.50482,-159.027,-12.5016,4.28198e-016,0.150312,-23.5588,-0.00674983,0.588977,-2.25319,-30.5349,0.421962,0,0,-0.0061508,0,0,-0.0215482,0,0,-0.0128591
2.69,-215.301,283.844,33.1573,-282.703,111.422,47.792,11.5313,9.01012,-1.46574,17.2184,-1.87415,5.92087,16.309,5.47087,-25.768,14.6488,0,0,173.208,-174.777,-0.996844,-87.591,1.64223,-159.152,-12.5036,2.48697e-015,0.122969,-21.6661,0.0467958,0.494273,-16.8593,-31.5462,0.469561,0,0,-0.000239817,0,0,-0.0201837,0,0,-0.0128561
2.7,-215.388,283.821,33.0943,-282.481,111.399,47.9357,11.7697,8.85902,-1.77014,16.6411,-2.07619,5.5254,15.6023,5.34873,-25.3135,14.0716,0,0,173.161,-174.998,-0.661729,-87.4718,1.78043,-159.282,-12.5075,3.19984e-015,0.105014,-19.7483,-0.00310178,0.410956,-30.7493,-32.3092,0.532137,0,0,0.00570115,0,0,-0.0183158,0,0,-0.0127217
2.71,-215.486,283.814,33.0251,-282.265,111.369,48.0713,12.0125,8.71133,-2.05594,16.0767,-2.27844,5.13064,14.9093,5.22581,-24.8525,13.501,0,0,173.104,-175.207,-0.340764,-87.3569,1.91733,-159.418,-12.5125,1.31031e-015,0.103888,-17.9486,-0.070166,0.347115,-42.5471,-32.2884,0.591289,0,0,0.0117624,0,0,-0.0161993,0,0,-0.0124735
2.72,-215.593,283.823,32.9526,-282.053,111.333,48.1984,12.2675,8.57165,-2.31741,15.5374,-2.47748,4.73512,14.2371,5.1045,-24.394,12.9429,0,0,173.035,-175.399,-0.0315469,-87.2455,2.05114,-159.559,-12.519,6.94659e-016,0.122325,-16.2855,-0.0869401,0.306124,-51.6578,-31.2216,0.633989,0,0,0.017876,0,0,-0.0139858,0,0,-0.0121351
2.73,-215.712,283.848,32.8804,-281.841,111.29,48.3165,12.5402,8.44364,-2.55127,15.0319,-2.67029,4.34091,13.5915,4.98726,-23.9476,12.402,0,0,172.954,-175.57,0.2678,-87.1368,2.18045,-159.704,-12.5299,-2.70322e-015,0.165232,-14.7638,0.0968922,0.293246,-57.837,-28.7403,0.630072,0,0,0.0236987,0,0,-0.0117624,0,0,-0.0117389
2.74,-215.843,283.884,32.812,-281.628,111.241,48.4254,12.8331,8.3296,-2.75695,14.566,-2.85405,3.95305,12.9762,4.87637,-23.5225,11.8814,0,0,172.864,-175.717,0.558661,-87.0303,2.30416,-159.852,-12.5481,-1.75922e-015,0.227013,-13.4014,0.495204,0.303187,-61.1085,-24.9476,0.579137,0,0,0.028638,0,0,-0.00966192,0,0,-0.0113082
2.75,-215.989,283.928,32.7502,-281.418,111.185,48.5255,13.1464,8.23039,-2.93641,14.1418,-3.02594,3.5787,12.3931,4.7737,-23.1263,11.3832,0,0,172.766,-175.837,0.841961,-86.9253,2.42143,-160.003,-12.5695,2.4669e-015,0.301975,-12.1174,1.1592,0.330211,-62.0318,-19.9729,0.467649,0,0,0.03233,0,0,-0.0077009,0,0,-0.0108598
2.76,-216.152,283.976,32.6971,-281.212,111.123,48.6177,13.478,8.14548,-3.09362,13.7586,-3.1831,3.22583,11.8423,4.68047,-22.7645,10.908,0,0,172.663,-175.929,1.1182,-86.8213,2.53151,-160.156,-12.5825,3.40865e-015,0.37557,-10.806,1.99126,0.35974,-61.2239,-14.4689,0.307266,0,0,0.0345537,0,0,-0.00592412,0,0,-0.0103999
2.77,-216.333,284.024,32.6543,-281.015,111.052,48.703,13.8244,8.07324,-3.23363,13.4132,-3.32272,2.90155,11.3224,4.59719,-22.4395,10.4551,0,0,172.556,-175.992,1.38748,-86.718,2.6338,-160.311,-12.5761,-1.71664e-015,0.438692,-9.46914,2.88821,0.382479,-59.1669,-9.03988,0.116035,0,0,0.0352842,0,0,-0.00441575,0,0,-0.00994338
2.78,-216.533,284.07,32.6232,-280.83,110.971,48.7814,14.1812,8.01152,-3.3613,13.1007,-3.44231,2.61112,10.8303,4.52367,-22.1514,10.0224,0,0,172.449,-176.027,1.64942,-86.6155,2.72778,-160.467,-12.5416,-1.62019e-015,0.484377,-8.06288,3.73349,0.391221,-56.4769,-4.40662,-0.0871877,0,0,0.0348133,0,0,-0.00318994,0,0,-0.00951004
2.79,-216.754,284.111,32.6052,-280.66,110.882,48.8515,14.5435,7.95795,-3.4805,12.8152,-3.53998,2.35699,10.3616,4.45909,-21.8973,9.60672,0,0,172.344,-176.035,1.90329,-86.5145,2.81314,-160.626,-12.4829,-3.30296e-015,0.512496,-6.58314,4.42355,0.385395,-53.6353,-1.05494,-0.280256,0,0,0.0335339,0,0,-0.00223478,0,0,-0.00912787
2.8,-216.996,284.146,32.6011,-280.507,110.782,48.9103,14.9066,7.91057,-3.5935,12.5506,-3.61475,2.13841,9.91107,4.40215,-21.6725,9.20413,0,0,172.244,-176.018,2.14792,-86.4158,2.88984,-160.787,-12.4122,-2.1322e-015,0.529214,-5.07144,4.90605,0.370502,-51.0078,0.684794,-0.444928,0,0,0.0318399,0,0,-0.0015125,0,0,-0.00882378
2.81,-217.258,284.173,32.6115,-280.373,110.672,48.9542,15.2661,7.8679,-3.70076,12.3015,-3.66669,1.95182,9.47312,4.35128,-21.4711,8.81027,0,0,172.151,-175.978,2.38186,-86.3205,2.95818,-160.952,-12.3454,6.25911e-016,0.539237,-3.48473,5.1259,0.350511,-49.0649,0.708786,-0.568287,0,0,0.0301962,0,0,-0.000929784,0,0,-0.00861297
2.82,-217.54,284.192,32.6363,-280.258,110.55,48.9798,15.6189,7.82925,-3.80131,12.063,-3.69684,1.79115,9.04257,4.30476,-21.2864,8.42102,0,0,172.067,-175.918,2.60345,-86.2298,3.01878,-161.12,-12.2992,3.05157e-015,0.548318,-1.90577,5.05783,0.330372,-47.8216,-0.988869,-0.636411,0,0,0.0287504,0,0,-0.00044283,0,0,-0.00850048
2.83,-217.84,284.2,32.6746,-280.161,110.417,48.9846,15.9626,7.79443,-3.89311,11.8319,-3.7071,1.64898,8.61496,4.26101,-21.1122,8.03274,0,0,171.993,-175.839,2.811,-86.1442,3.0725,-161.292,-12.2873,3.80267e-015,0.561505,-0.34695,4.74622,0.314367,-47.3772,-4.10073,-0.654465,0,0,0.0276745,0,0,1.36114e-005,0,0,-0.00848138
2.84,-218.157,284.197,32.7249,-280.081,110.271,48.9678,16.2962,7.76381,-3.97375,11.606,-3.7001,1.51777,8.18695,4.21872,-20.9434,7.64273,0,0,171.932,-175.745,3.0029,-86.064,3.12049,-161.464,-12.321,6.40276e-016,0.574441,1.11621,4.18782,0.297512,-47.4983,-8.48306,-0.62299,0,0,0.0269182,0,0,0.000451599,0,0,-0.00854182
2.85,-218.488,284.182,32.7847,-280.018,110.111,48.9313,16.6196,7.7378,-4.04092,11.3843,-3.67895,1.39124,7.75647,4.17708,-20.7769,7.24925,0,0,171.882,-175.637,3.17783,-85.9889,3.16411,-161.637,-12.4013,3.265e-015,0.583188,2.43322,3.45611,0.275454,-47.9607,-13.6668,-0.559144,0,0,0.0264406,0,0,0.000871329,0,0,-0.00866085
2.86,-218.829,284.155,32.8511,-279.968,109.94,48.8794,16.9336,7.71695,-4.09287,11.1666,-3.64705,1.26554,7.32269,4.13588,-20.6117,6.85161,0,0,171.846,-175.519,3.33487,-85.9176,3.20492,-161.809,-12.5195,-1.7977e-015,0.581991,3.6233,2.62141,0.242332,-48.6523,-19.3201,-0.484458,0,0,0.0262509,0,0,0.00127626,0,0,-0.00881191
2.87,-219.173,284.116,32.9204,-279.928,109.758,48.8186,17.2398,7.7014,-4.12867,10.9535,-3.60785,1.13969,6.8858,4.09548,-20.4494,6.44996,0,0,171.821,-175.393,3.47364,-85.8489,3.24472,-161.977,-12.6625,5.24739e-015,0.574091,4.68792,1.80806,0.20144,-49.4716,-24.8953,-0.420178,0,0,0.0263442,0,0,0.00164687,0,0,-0.00897152
2.88,-219.516,284.068,32.989,-279.893,109.57,48.7566,17.5402,7.6908,-4.14828,10.7457,-3.56464,1.01553,6.44677,4.0567,-20.2933,6.04507,0,0,171.807,-175.261,3.5943,-85.7807,3.28546,-162.14,-12.8125,-8.21893e-016,0.563194,5.70228,1.09915,0.156801,-50.4405,-30.0607,-0.381762,0,0,0.0267501,0,0,0.00198582,0,0,-0.00911873
2.89,-219.849,284.013,33.0531,-279.859,109.38,48.702,17.8376,7.68413,-4.15246,10.5444,-3.52035,0.896707,6.00697,4.02062,-20.1477,5.63818,0,0,171.804,-175.126,3.69761,-85.7109,3.3293,-162.299,-12.9455,-2.5057e-015,0.559772,6.86644,0.61185,0.119527,-52.0375,-34.4064,-0.39003,0,0,0.0277066,0,0,0.00233664,0,0,-0.00923801
2.9,-220.168,283.955,33.1094,-279.822,109.194,48.6625,18.1351,7.67971,-4.14293,10.3509,-3.47757,0.787165,5.56767,3.98816,-20.0165,5.23039,0,0,171.81,-174.99,3.78485,-85.6374,3.37837,-162.453,-13.0363,4.327e-015,0.572062,8.28614,0.381945,0.0987849,-54.3564,-37.8023,-0.445874,0,0,0.0292557,0,0,0.00271185,0,0,-0.00932173
2.91,-220.466,283.895,33.1555,-279.778,109.014,48.6442,18.4362,7.67516,-4.12201,10.1664,-3.43841,0.689437,5.12933,3.95984,-19.9019,4.82224,0,0,171.823,-174.855,3.85778,-85.5589,3.43471,-162.6,-13.0618,-3.44764e-016,0.613029,10.1086,0.505739,0.10858,-57.662,-39.9493,-0.558176,0,0,0.031558,0,0,0.00313319,0,0,-0.009375
2.92,-220.74,283.834,33.1908,-279.729,108.845,48.6499,18.7451,7.66764,-4.09268,9.99241,-3.40452,0.603392,4.69099,3.93553,-19.8033,4.41299,0,0,171.842,-174.725,3.91852,-85.4747,3.50004,-162.741,-13.0105,6.52589e-016,0.682228,12.2664,0.933984,0.1493,-61.5149,-40.9663,-0.710789,0,0,0.0344617,0,0,0.00356322,0,0,-0.00941521
2.93,-220.99,283.771,33.2161,-279.679,108.685,48.6783,19.0661,7.65387,-4.05803,9.82971,-3.37709,0.52569,4.25,3.91441,-19.7176,4.00039,0,0,171.863,-174.601,3.96943,-85.3859,3.57564,-162.873,-12.8843,-2.31485e-015,0.774318,14.6893,1.64633,0.215961,-65.5783,-40.842,-0.899063,0,0,0.0378919,0,0,0.00397588,0,0,-0.00947145
2.94,-221.216,283.705,33.2341,-279.632,108.533,48.7242,19.4035,7.63049,-4.02137,9.67864,-3.35685,0.450204,3.80201,3.89507,-19.6391,3.58054,0,0,171.885,-174.485,4.01301,-85.2943,3.66219,-162.996,-12.6981,-4.67484e-015,0.874948,17.156,2.56425,0.293989,-68.9762,-39.7508,-1.11052,0,0,0.0414331,0,0,0.00432919,0,0,-0.00957814
2.95,-221.422,283.632,33.2481,-279.595,108.387,48.7793,19.7613,7.5941,-3.98571,9.53855,-3.34408,0.36907,3.34136,3.87567,-19.5602,3.14835,0,0,171.906,-174.378,4.05179,-85.2029,3.75972,-163.106,-12.4763,-1.05892e-015,0.959629,19.4888,3.52321,0.35811,-71.1069,-38.1254,-1.33285,0,0,0.0446976,0,0,0.00462547,0,0,-0.00976707
2.96,-221.609,283.55,33.2619,-279.575,108.243,48.8332,20.1427,7.54153,-3.95377,9.40757,-3.3387,0.274104,2.86153,3.85425,-19.473,2.69772,0,0,171.923,-174.281,4.08818,-85.115,3.86765,-163.204,-12.2486,1.28876e-015,1.00693,21.5578,4.41257,0.385606,-71.5586,-36.2526,-1.56443,0,0,0.0472617,0,0,0.00489912,0,0,-0.0100634
2.97,-221.783,283.456,33.2789,-279.575,108.1,48.8742,20.5502,7.46992,-3.9281,9.28257,-3.34043,0.158408,2.35567,3.82891,-19.3697,2.22226,0,0,171.933,-174.196,4.12447,-85.0341,3.98486,-163.289,-12.0502,3.93195e-015,0.995267,23.299,5.09906,0.353018,-70.2264,-34.5188,-1.80492,0,0,0.048759,0,0,0.00520496,0,0,-0.0104831
2.98,-221.944,283.351,33.3017,-279.596,107.957,48.8918,20.9853,7.377,-3.9111,9.15917,-3.34891,0.0174402,1.8173,3.79801,-19.2435,1.71572,0,0,171.935,-174.122,4.16269,-84.9631,4.10973,-163.36,-11.9195,-7.38781e-017,0.914162,24.7006,5.51022,0.247498,-67.3703,-33.1751,-2.0566,0,0,0.0490276,0,0,0.00559626,0,0,-0.0110354
2.99,-222.096,283.235,33.3321,-279.633,107.815,48.8776,21.4487,7.261,-3.90537,9.03223,-3.36394,-0.149804,1.24106,3.7603,-19.0893,1.17279,0,0,171.926,-174.061,4.20459,-84.9038,4.24033,-163.421,-11.8982,8.02398e-016,0.76996,25.8758,5.67119,0.0724485,-63.7203,-32.2579,-2.32816,0,0,0.0483534,0,0,0.0061329,0,0,-0.0117293
3,-222.238,283.113,33.3712,-279.677,107.673,48.8277,21.9406,7.12069,-3.91395,8.89642,-3.38546,-0.340897,0.623517,3.71485,-18.9031,0.589886,0,0,171.905,-174.012,4.25158,-84.8565,4.37448,-163.474,-12.029,-2.7694e-015,0.576374,26.9328,5.59275,-0.161746,-60.0823,-31.7653,-2.61856,0,0,0.0472568,0,0,0.00684854,0,0,-0.0125731
3.01,-222.371,282.99,33.4189,-279.718,107.534,48.7446,22.4609,6.95548,-3.94057,8.74691,-3.41376,-0.550158,-0.0359127,3.66105,-18.6821,-0.0340201,0,0,171.871,-173.974,4.30474,-84.8191,4.50977,-163.524,-12.3577,-9.35789e-016,0.368913,27.9763,5.40366,-0.423408,-57.2921,-31.5103,-2.92367,0,0,0.0465276,0,0,0.00776267,0,0,-0.0135826
3.02,-222.494,282.872,33.4746,-279.74,107.395,48.6391,23.0096,6.76507,-3.98958,8.58014,-3.44928,-0.769671,-0.733847,3.59848,-18.4243,-0.69624,0,0,171.821,-173.949,4.36474,-84.7866,4.64373,-163.577,-12.93,-3.52973e-015,0.188695,29.1228,5.17645,-0.675448,-56.2333,-31.3544,-3.22553,0,0,0.0472139,0,0,0.00888018,0,0,-0.0147657
3.03,-222.607,282.768,33.5363,-279.73,107.257,48.5334,23.5868,6.54955,-4.06587,8.39451,-3.49265,-0.990324,-1.46179,3.52686,-18.1283,-1.38922,0,0,171.757,-173.935,4.43183,-84.7497,4.77387,-163.637,-13.7883,-3.1193e-016,0.0803729,30.3118,5.00681,-0.877013,-57.0883,-31.1126,-3.49465,0,0,0.0498631,0,0,0.0101291,0,0,-0.0160976
3.04,-222.709,282.685,33.5998,-279.674,107.12,48.4629,24.1929,6.30916,-4.17409,8.19075,-3.5444,-1.20295,-2.20514,3.44619,-17.7936,-2.09959,0,0,171.679,-173.933,4.50576,-84.6947,4.89796,-163.708,-14.9584,-7.88033e-016,0.0905881,31.6012,4.96977,-0.983773,-60.4012,-30.6736,-3.70119,0,0,0.0554817,0,0,0.0114354,0,0,-0.0174751
3.05,-222.8,282.631,33.6579,-279.564,106.987,48.4787,24.8287,6.04419,-4.31855,7.97228,-3.60484,-1.39949,-2.94247,3.35665,-17.4206,-2.80739,0,0,171.589,-173.943,4.58579,-84.6022,5.01406,-163.795,-16.4416,2.18351e-015,0.25311,32.8233,5.11567,-0.961533,-65.8202,-29.9297,-3.80627,0,0,0.0641875,0,0,0.0126011,0,0,-0.0186611
3.06,-222.878,282.617,33.6989,-279.393,106.867,48.6477,25.4951,5.75488,-4.50239,7.74519,-3.67388,-1.57375,-3.64531,3.25875,-17.011,-3.48562,0,0,171.488,-173.965,4.67053,-84.4472,5.12079,-163.896,-18.1993,3.85808e-016,0.595246,33.9887,5.49272,-0.77797,-73.4021,-28.8534,-3.7827,0,0,0.0765114,0,0,0.0134596,0,0,-0.0192493
3.07,-222.94,282.648,33.7058,-279.161,106.778,49.0523,26.1929,5.4414,-4.72759,7.51799,-3.75104,-1.72216,-4.27888,3.15333,-16.5678,-4.10092,0,0,171.381,-174.002,4.75797,-84.2,5.21749,-164.009,-20.1508,1.18205e-015,1.11612,34.8786,6.083,-0.423418,-82.3531,-27.5109,-3.60086,0,0,0.0918598,0,0,0.0137481,0,0,-0.0186668
3.08,-222.984,282.733,33.656,-278.873,106.751,49.7864,26.9224,5.10395,-4.99473,7.30099,-3.83559,-1.84366,-4.8037,3.04163,-16.096,-4.61497,0,0,171.272,-174.054,4.84546,-83.827,5.30452,-164.129,-22.1666,-4.08792e-015,1.79944,35.4807,6.92669,0.102392,-92.257,-25.8392,-3.26172,0,0,0.109955,0,0,0.0133402,0,0,-0.0162704
3.09,-223.003,282.877,33.5222,-278.54,106.827,50.9491,27.6832,4.74284,-5.3031,7.10533,-3.9268,-1.93989,-5.17854,2.92517,-15.6016,-4.98725,0,0,171.164,-174.125,4.92975,-83.2933,5.38334,-164.247,-24.0901,-7.71615e-016,2.588,35.7054,7.94416,0.762505,-102.324,-23.9727,-2.78344,0,0,0.129685,0,0,0.0121653,0,0,-0.01151
3.1,-222.994,283.082,33.2738,-278.178,107.063,52.636,28.4737,4.35881,-5.65095,6.9418,-4.02427,-2.01509,-5.364,2.80554,-15.0912,-5.17849,0,0,171.064,-174.216,5.00705,-82.5662,5.45666,-164.351,-25.7533,2.95512e-016,3.39332,35.6616,9.08655,1.4893,-112.226,-21.8317,-2.2349,0,0,0.150348,0,0,0.0103528,0,0,-0.00414256
3.11,-222.951,283.348,32.8801,-277.806,107.527,54.93,29.291,3.95313,-6.03603,6.81943,-4.12822,-2.0763,-5.32629,2.68387,-14.5694,-5.15455,0,0,170.975,-174.331,5.07329,-81.6173,5.52798,-164.431,-27.0059,-4.79387e-015,4.09415,35.3345,10.1058,2.1785,-121.152,-19.7435,-1.69157,0,0,0.170043,0,0,0.00808274,0,0,0.00560348
3.12,-222.873,283.673,32.3144,-277.439,108.291,57.8919,30.1301,3.52784,-6.45568,6.744,-4.23957,-2.13303,-5.04066,2.56038,-14.0373,-4.88975,0,0,170.904,-174.473,5.12422,-80.4264,5.60153,-164.474,-27.7201,-1.05071e-015,4.55874,34.8192,10.8114,2.70854,-128.854,-17.6794,-1.26345,0,0,0.187572,0,0,0.00564704,0,0,0.0169666
3.13,-222.758,284.053,31.5578,-277.089,109.429,61.5531,30.9844,3.08579,-6.90729,6.71703,-4.35978,-2.19669,-4.49385,2.43385,-13.4894,-4.36962,0,0,170.854,-174.646,5.15569,-78.9828,5.68178,-164.475,-27.795,-2.75811e-015,4.67966,34.0512,10.9357,2.97318,-134.799,-15.8687,-1.02385,0,0,0.201072,0,0,0.00330418,0,0,0.0287169
3.14,-222.609,284.486,30.6039,-276.754,111.009,65.9103,31.8454,2.63072,-7.38852,6.7351,-4.49048,-2.27935,-3.68586,2.30145,-12.9134,-3.5925,0,0,170.828,-174.852,5.16391,-77.2873,5.77356,-164.434,-27.1505,4.33418e-015,4.39883,32.7462,10.2753,2.90588,-138.408,-14.4333,-0.992225,0,0,0.208706,0,0,0.00127862,0,0,0.0393365
3.15,-222.426,284.975,29.4616,-276.417,113.086,70.9221,32.7031,2.16726,-7.8975,6.79023,-4.63289,-2.39179,-2.63077,2.15908,-12.291,-2.57041,0,0,170.828,-175.092,5.14564,-75.3534,5.8821,-164.356,-25.7224,6.56694e-016,3.73613,30.6185,8.88614,2.50897,-139.242,-13.1187,-1.14144,0,0,0.209323,0,0,-0.000216706,0,0,0.0472493
3.16,-222.209,285.535,28.1579,-276.053,115.699,76.5073,33.5464,1.70076,-8.43246,6.87066,-4.78721,-2.54214,-1.35743,2.00196,-11.6004,-1.3297,0,0,170.854,-175.368,5.09838,-73.2092,6.01297,-164.257,-23.4772,-1.31339e-016,2.78234,27.3819,6.94001,1.84772,-137.198,-11.6742,-1.38766,0,0,0.202726,0,0,-0.00106482,0,0,0.0511142
3.17,-221.954,286.194,26.7394,-275.626,118.864,82.5465,34.3639,1.23742,-8.99168,6.96225,-4.9523,-2.73461,0.0906631,1.82548,-10.8207,0.089047,0,0,170.906,-175.678,5.02054,-70.898,6.17151,-164.153,-20.4318,1.24772e-015,1.69061,22.653,4.81804,1.04497,-131.831,-9.71143,-1.60019,0,0,0.188788,0,0,-0.00122963,0,0,0.0501048
3.18,-221.649,287.003,25.2731,-275.103,122.581,88.8864,35.1439,0.783862,-9.57227,7.05007,-5.12512,-2.96879,1.65643,1.62653,-9.93667,1.63158,0,0,170.981,-176.018,4.91152,-68.4787,6.3617,-164.065,-16.6832,1.87158e-015,0.641312,16.3216,2.99868,0.250713,-123.426,-6.82699,-1.65477,0,0,0.168987,0,0,-0.000848576,0,0,0.0441898
3.19,-221.275,288.032,23.8436,-274.455,126.829,95.3476,35.875,0.347063,-10.1693,7.12027,-5.30072,-3.23976,3.27167,1.40435,-8.94366,3.23185,0,0,171.076,-176.383,4.77171,-66.0246,6.58434,-164.009,-12.4365,7.63407e-016,-0.186634,8.24535,1.90144,-0.380306,-112.034,-3.0442,-1.41363,0,0,0.14466,0,0,-0.000230862,0,0,0.0343054
3.2,-220.805,289.378,22.5481,-273.67,131.572,101.736,36.5465,-0.0658149,-10.7746,7.16178,-5.47247,-3.53827,4.86138,1.1615,-7.85185,4.81569,0,0,171.188,-176.766,4.60242,-63.6197,6.83533,-163.992,-8.00091,3.61182e-016,-0.657684,-1.28138,1.8774,-0.724328,-98.6436,1.50483,-0.807174,0,0,0.118544,0,0,0.000162451,0,0,0.02228
3.21,-220.206,291.157,21.489,-272.748,136.771,107.859,37.1487,-0.447769,-11.3768,7.1679,-5.63254,-3.852,6.34967,0.90393,-6.68744,6.30629,0,0,171.312,-177.157,4.40583,-61.3521,7.10436,-164.014,-3.76544,-1.97008e-015,-0.703889,-11.9699,3.07553,-0.710176,-83.9558,6.33711,0.199351,0,0,0.0927021,0,0,-0.000116242,0,0,0.0104458
3.22,-219.445,293.501,20.7641,-271.709,142.388,113.539,37.6733,-0.792077,-11.9604,7.13739,-5.77291,-4.16692,7.66655,0.640725,-5.49167,7.63115,0,0,171.446,-177.547,4.18474,-59.3065,7.37509,-164.061,-0.127616,1.36264e-015,-0.345561,-23.0101,5.45838,-0.342286,-69.8546,10.9917,1.5235,0,0,0.0699438,0,0,-0.00128923,0,0,0.000962932
3.23,-218.488,296.548,20.4551,-270.583,148.395,118.63,38.1143,-1.09268,-12.5079,7.07484,-5.88647,-4.46925,8.7546,0.382901,-4.31555,8.72959,0,0,171.585,-177.924,3.94257,-57.5555,7.62693,-164.112,2.57407,6.89529e-016,0.312582,-33.8225,8.77287,0.296478,-57.1947,14.944,3.0415,0,0,0.0510628,0,0,-0.00319665,0,0,-0.00482928
3.24,-217.317,300.431,20.6166,-269.407,154.782,123.029,38.4679,-1.3443,-13,6.99016,-5.96801,-4.74734,9.57427,0.142103,-3.2137,9.55907,0,0,171.728,-178.279,3.68292,-56.1528,7.83823,-164.142,4.13535,1.5104e-015,1.1079,-43.4153,12.5998,1.06405,-47.7772,17.8604,4.5323,0,0,0.0367196,0,0,-0.00521401,0,0,-0.00680749
3.25,-215.921,305.261,21.2675,-268.219,161.556,126.68,38.7328,-1.54267,-13.4182,6.8973,-6.01499,-4.99306,10.1069,-0.070925,-2.23686,10.0991,0,0,171.873,-178.601,3.4096,-55.1289,7.99001,-164.125,4.49915,-2.49544e-015,1.85852,-51.2499,16.479,1.79336,-42.047,19.5748,5.7953,0,0,0.0257604,0,0,-0.0065069,0,0,-0.00593319
3.26,-214.309,311.114,22.3882,-267.048,168.738,129.573,38.9103,-1.68483,-13.7467,6.81241,-6.02756,-5.20166,10.3552,-0.247346,-1.42685,10.3519,0,0,172.018,-178.88,3.12645,-54.4908,8.06927,-164.045,3.75119,-1.18205e-015,2.40943,-56.7177,20.0411,2.3374,-40.642,20.3511,6.62934,0,0,0.0168968,0,0,-0.00627414,0,0,-0.00379001
3.27,-212.501,318.029,23.9257,-265.914,176.362,131.739,39.004,-1.76929,-13.9735,6.75211,-6.00811,-5.37117,10.342,-0.380912,-0.81319,10.3409,0,0,172.163,-179.111,2.8372,-54.2233,8.07123,-163.893,2.07976,7.88033e-016,2.6504,-59.4748,23.0321,2.58834,-43.7364,20.5971,6.89371,0,0,0.00857352,0,0,-0.00412184,0,0,-0.00194002
3.28,-210.528,326.005,25.804,-264.828,184.463,133.242,39.0197,-1.79638,-14.0918,6.73227,-5.96041,-5.50077,10.1072,-0.468247,-0.411828,10.1069,0,0,172.306,-179.287,2.54549,-54.2926,7.99981,-163.672,-0.257579,7.88033e-016,2.53262,-59.3295,25.3284,2.4956,-51.4236,20.7172,6.51671,0,0,-0.000561724,0,0,-0.000224824,0,0,-0.00142898
3.29,-208.433,335.007,27.9338,-263.788,193.079,134.164,38.9655,-1.76811,-14.1014,6.76713,-5.88904,-5.58842,9.70338,-0.5088,-0.225441,9.7033,0,0,172.447,-179.404,2.25476,-54.6512,7.86682,-163.395,-2.96757,-3.94016e-016,2.06467,-56.3776,26.9442,2.06298,-63.1581,20.9923,5.50908,0,0,-0.01141,0,0,0.00469131,0,0,-0.00253993
3.3,-206.269,344.973,30.2214,-262.782,202.239,134.604,38.8516,-1.68825,-14.008,6.86877,-5.79896,-5.6291,9.19037,-0.504514,-0.24514,9.19028,0,0,172.584,-179.462,1.96837,-55.243,7.68975,-163.084,-5.74696,-1.31339e-015,1.31533,-50.7705,28.0422,1.35227,-78.5783,21.7225,3.93803,0,0,-0.0242204,0,0,0.00952051,0,0,-0.00485018
3.31,-204.098,355.825,32.5768,-261.79,211.966,134.658,38.69,-1.56184,-13.8231,7.04693,-5.69549,-5.61401,8.62864,-0.459454,-0.452238,8.62836,0,0,172.714,-179.46,1.6895,-56.0094,7.48887,-162.766,-8.32421,1.44473e-015,0.401333,-42.887,28.9016,0.472626,-96.8103,23.1251,1.93497,0,0,-0.0385193,0,0,0.0130317,0,0,-0.00752009
3.32,-201.995,367.478,34.9204,-260.79,222.266,134.419,38.4943,-1.3949,-13.5626,7.30889,-5.5845,-5.53114,8.07325,-0.379253,-0.820815,8.07244,0,0,172.834,-179.401,1.42115,-56.8946,7.28429,-162.474,-10.4979,1.2313e-016,-0.541547,-33.3833,29.7533,-0.446243,-116.486,25.1934,-0.314651,0,0,-0.0530178,0,0,0.0142401,0,0,-0.00968244
3.33,-200.036,379.845,37.188,-259.761,233.133,133.966,38.2792,-1.19385,-13.245,7.65927,-5.47246,-5.367,7.5692,-0.270424,-1.32084,7.56718,0,0,172.942,-179.29,1.16608,-57.8504,7.09349,-162.238,-12.1616,2.82378e-015,-1.37494,-23.1059,30.8541,-1.2691,-135.735,28.0403,-2.61116,0,0,-0.0658538,0,0,0.0126733,0,0,-0.0107423
3.34,-198.3,392.849,39.3321,-258.687,244.547,133.364,38.0589,-0.965202,-12.8898,8.10006,-5.36634,-5.10849,7.14897,-0.139627,-1.92152,7.14493,0,0,173.033,-179.131,0.926753,-58.8379,6.92988,-162.086,-13.2979,1.31339e-016,-1.98588,-12.9138,32.3088,-1.88278,-153.047,31.6241,-4.77079,0,0,-0.0753207,0,0,0.00846647,0,0,-0.0104848
3.35,-196.856,406.416,41.3219,-257.561,256.479,132.66,37.8469,-0.715256,-12.5153,8.63068,-5.27308,-4.74515,6.83268,0.00685798,-2.59372,6.82565,0,0,173.104,-178.93,0.705113,-59.8286,6.80213,-162.038,-13.956,-5.25355e-016,-2.30509,-3.96726,34.0855,-2.21524,-165.872,35.7898,-6.61369,0,0,-0.0797488,0,0,0.00267135,0,0,-0.00902281
3.36,-195.758,420.487,43.1401,-256.386,268.894,131.886,37.654,-0.450118,-12.1374,9.24806,-5.19885,-4.2702,6.62977,0.163818,-3.31318,6.61864,0,0,173.151,-178.696,0.502533,-60.8029,6.71444,-162.106,-14.2175,-9.19371e-016,-2.30902,3.05962,35.994,-2.23913,-173.365,40.2539,-8.03922,0,0,-0.0789949,0,0,-0.00348589,0,0,-0.00665867
3.37,-195.042,435.009,44.7799,-255.172,281.758,131.057,37.4881,-0.175657,-11.7686,9.9471,-5.14843,-3.6814,6.5415,0.327215,-4.061,6.525,0,0,173.172,-178.436,0.319719,-61.7489,6.66708,-162.296,-14.1747,-9.85041e-016,-2.01446,7.5649,37.7907,-1.96747,-174.535,44.6874,-8.98123,0,0,-0.0736649,0,0,-0.00852958,0,0,-0.00375316
3.38,-194.721,449.943,46.2408,-253.938,295.039,130.178,37.3536,0.10232,-11.4177,10.7211,-5.12466,-2.98138,6.5634,0.49427,-4.8241,6.54005,0,0,173.167,-178.156,0.156672,-62.6611,6.65709,-162.603,-13.925,-9.85041e-016,-1.47038,9.26802,39.2028,-1.4463,-169.347,48.8038,-9.42136,0,0,-0.0652864,0,0,-0.0112083,0,0,-0.000632569
3.39,-194.788,465.257,47.525,-252.706,308.717,129.239,37.2511,0.378119,-11.0898,11.5622,-5.12813,-2.17688,6.68771,0.66334,-5.59462,6.65569,0,0,173.136,-177.865,0.0126114,-63.538,6.67914,-163.018,-13.5516,-3.77599e-016,-0.740993,8.11449,39.9885,-0.737975,-158.223,52.2977,-9.36814,0,0,-0.0555817,0,0,-0.0105989,0,0,0.00246891
3.4,-195.213,480.936,48.6346,-251.498,322.78,128.224,37.178,0.645986,-10.7868,12.4624,-5.15737,-1.27802,6.90539,0.833661,-6.36874,6.86256,0,0,173.081,-177.571,-0.113749,-64.3813,6.72633,-163.525,-13.1191,1.14921e-016,0.108663,4.30355,39.9911,0.0933385,-142.147,55.0089,-8.85715,0,0,-0.0460895,0,0,-0.00626902,0,0,0.00541696
3.41,-195.956,496.975,49.5696,-250.335,337.228,127.113,37.1289,0.900218,-10.5085,13.4137,-5.20916,-0.297244,7.20767,1.00506,-7.14536,7.1514,0,0,173.005,-177.282,-0.224208,-65.194,6.79081,-164.105,-12.6622,-1.97008e-016,1.01636,-1.86552,39.0863,0.985687,-122.203,56.7151,-7.9274,0,0,-0.0376831,0,0,0.0019192,0,0,0.00814007
3.42,-196.962,513.379,50.3288,-249.234,352.076,125.879,37.0965,1.13534,-10.2535,14.4095,-5.2791,0.751975,7.58656,1.1778,-7.9253,7.51368,0,0,172.912,-177.004,-0.320978,-65.9808,6.86432,-164.739,-12.191,9.19371e-016,1.93142,-9.76068,37.2525,1.88831,-100,57.3637,-6.65406,0,0,-0.0306926,0,0,0.0134242,0,0,0.0105983
3.43,-198.167,530.166,50.9109,-248.21,367.346,124.498,37.0725,1.34629,-10.0198,15.4444,-5.36236,1.85517,8.0343,1.35217,-8.70957,7.94107,0,0,172.807,-176.744,-0.406451,-66.7475,6.9385,-165.404,-11.7139,3.94016e-016,2.81207,-18.8333,34.4801,2.75923,-76.8376,56.7519,-5.09669,0,0,-0.0248248,0,0,0.0277185,0,0,0.0127633
3.44,-199.505,547.361,51.3172,-247.274,383.066,122.942,37.0484,1.52876,-9.80588,16.5143,-5.45431,2.99787,8.54289,1.52848,-9.49919,8.4249,0,0,172.695,-176.51,-0.483166,-67.5019,7.00546,-166.079,-11.2446,7.88033e-016,3.62789,-28.5415,30.8637,3.5677,-53.6408,54.9809,-3.33004,0,0,-0.0196043,0,0,0.0441936,0,0,0.0146208
3.45,-200.908,564.99,51.553,-246.435,399.271,121.188,37.0158,1.67951,-9.61046,17.6162,-5.55097,4.166,9.10366,1.70707,-10.2952,8.95587,0,0,172.58,-176.305,-0.553757,-68.2532,7.05827,-166.741,-10.8082,2.62678e-016,4.35439,-38.3198,26.5182,4.28888,-31.5021,52.0471,-1.43222,0,0,-0.0145107,0,0,0.0620831,0,0,0.016176
3.46,-202.307,583.082,51.6292,-245.698,415.993,119.215,36.967,1.79637,-9.43318,18.7479,-5.6494,5.34672,9.70733,1.88827,-11.0986,9.52407,0,0,172.465,-176.136,-0.620731,-69.012,7.0914,-167.371,-10.4326,1.05071e-015,4.97075,-47.9032,21.6006,4.90184,-10.5929,48.2242,0.530598,0,0,-0.00909892,0,0,0.0810574,0,0,0.0174477
3.47,-203.64,601.665,51.5632,-245.067,433.263,117.012,36.8949,1.87844,-9.27437,19.9073,-5.74772,6.52931,10.3444,2.07262,-11.9114,10.1192,0,0,172.355,-176.003,-0.686453,-69.7892,7.10103,-167.95,-10.1373,5.25355e-016,5.45202,-56.8227,16.2671,5.382,8.18497,43.6288,2.47363,0,0,-0.00311504,0,0,0.100248,0,0,0.0184458
3.48,-204.851,620.759,51.3791,-244.543,451.111,114.574,36.7932,1.92594,-9.13536,21.0925,-5.84516,7.70527,11.0052,2.26073,-12.7357,10.7312,0,0,172.252,-175.91,-0.753057,-70.5959,7.08487,-168.461,-9.94149,-7.88033e-016,5.78121,-64.99,10.6786,5.71318,25.1457,38.5654,4.34192,0,0,0.00368746,0,0,0.119361,0,0,0.0191868
3.49,-205.888,640.386,51.109,-244.123,469.559,111.903,36.656,1.94016,-9.01781,22.3013,-5.94177,8.86878,11.6803,2.45341,-13.5743,11.3496,0,0,172.157,-175.857,-0.822321,-71.4431,7.04206,-168.891,-9.85241,-1.05071e-015,5.9403,-71.9411,5.00776,5.87875,39.3612,33.1246,6.05712,0,0,0.0112154,0,0,0.137171,0,0,0.019662
3.5,-206.711,660.562,50.7924,-243.797,488.624,109.013,36.4781,1.92323,-8.92386,23.5305,-6.03833,10.0161,12.3605,2.65135,-14.4296,11.9648,0,0,172.071,-175.843,-0.895667,-72.3412,6.97273,-169.229,-9.88746,-5.25355e-016,5.93152,-77.7404,-0.641806,5.88254,51.3742,27.3647,7.61199,0,0,0.0195283,0,0,0.153383,0,0,0.0198911
3.51,-207.288,681.301,50.4763,-243.552,508.32,105.921,36.2542,1.87788,-8.85528,24.7761,-6.13589,11.1452,13.0373,2.85524,-15.3035,12.5673,0,0,171.995,-175.866,-0.973957,-73.2996,6.87776,-169.471,-10.0548,5.25355e-016,5.76873,-82.1619,-6.08412,5.74013,60.7864,21.3892,8.96537,0,0,0.0283368,0,0,0.166977,0,0,0.0198912
3.52,-207.593,702.611,50.2129,-243.369,528.651,102.658,35.9792,1.80749,-8.81308,26.0328,-6.23552,12.255,13.7029,3.06567,-16.1977,13.149,0,0,171.93,-175.923,-1.0577,-74.3261,6.75849,-169.613,-10.3623,-7.88033e-016,5.48112,-85.3529,-11.228,5.48222,68.0694,15.1776,10.1338,0,0,0.0375229,0,0,0.177716,0,0,0.0196955
3.53,-207.607,724.495,50.0578,-243.226,549.616,99.2598,35.6477,1.71571,-8.79666,27.2941,-6.33776,13.3446,14.351,3.28324,-17.1136,13.7029,0,0,171.874,-176.011,-1.1469,-75.4265,6.61649,-169.657,-10.7952,-1.7074e-015,5.09405,-87.0263,-15.8883,5.13539,72.4417,8.78288,11.0805,0,0,0.0462485,0,0,0.184458,0,0,0.0193057
3.54,-207.317,746.946,50.0673,-243.099,571.208,95.7693,35.2547,1.60649,-8.80382,28.5527,-6.44246,14.4114,14.9768,3.50826,-18.0512,14.2237,0,0,171.829,-176.126,-1.24118,-76.6041,6.45341,-169.605,-11.3379,-7.88033e-016,4.63175,-87.3815,-20.0153,4.72471,74.283,2.19074,11.827,0,0,0.0539982,0,0,0.187294,0,0,0.0187211
3.55,-206.712,769.947,50.2962,-242.961,593.413,92.2359,34.7956,1.4838,-8.83021,29.8006,-6.54815,15.4511,15.5765,3.74081,-19.0095,14.7072,0,0,171.794,-176.264,-1.33983,-77.8599,6.27091,-169.464,-11.9612,1.7074e-015,4.09868,-86.2246,-23.5334,4.25536,73.0054,-4.67684,12.3697,0,0,0.0594171,0,0,0.185655,0,0,0.0178972
3.56,-205.785,793.464,50.7954,-242.786,616.206,88.7121,34.2665,1.35156,-8.86936,31.0295,-6.65199,16.4561,16.1474,3.98045,-19.9853,15.1509,0,0,171.769,-176.42,-1.44192,-79.1929,6.07062,-169.239,-12.6309,2.88945e-015,3.48284,-83.6033,-26.4581,3.71585,68.7001,-11.9513,12.7371,0,0,0.061333,0,0,0.179754,0,0,0.0167663
3.57,-204.533,817.454,51.609,-242.546,639.557,85.2519,33.6647,1.21347,-8.9126,32.2312,-6.74941,17.4156,16.6873,4.22605,-20.9727,15.5528,0,0,171.753,-176.591,-1.54629,-80.6002,5.85411,-168.938,-13.3194,2.92229e-015,2.75947,-79.701,-28.8379,3.08199,61.6294,-19.5935,12.9602,0,0,0.0587605,0,0,0.170286,0,0,0.0152565
3.58,-202.953,841.861,52.7738,-242.212,663.423,81.9082,32.9887,1.073,-8.94943,33.398,-6.83421,18.3165,17.1944,4.47564,-21.9625,15.9121,0,0,171.745,-176.773,-1.65174,-82.0772,5.62268,-168.571,-13.9917,-1.24772e-015,1.89159,-74.5054,-30.685,2.31702,51.7835,-27.5781,13.0518,0,0,0.0505166,0,0,0.157672,0,0,0.0132936
3.59,-201.052,866.618,54.3187,-241.748,687.752,78.7311,32.2388,0.933163,-8.96774,34.5223,-6.89849,19.1439,17.6665,4.7262,-22.9422,16.2287,0,0,171.745,-176.963,-1.75699,-83.6182,5.37716,-168.151,-14.6243,1.82233e-015,0.851613,-68.4444,-32.1014,1.39297,39.944,-35.729,13.0458,0,0,0.0366231,0,0,0.143302,0,0,0.0108672
3.6,-198.841,891.654,56.2656,-241.116,712.48,75.766,31.4167,0.796564,-8.95461,35.5977,-6.9332,19.8837,18.1012,4.97374,-23.8959,16.5029,0,0,171.752,-177.159,-1.8609,-85.2169,5.11761,-167.695,-15.1833,-4.26851e-016,-0.38081,-61.7604,-33.1697,0.287721,26.6123,-43.915,12.9698,0,0,0.0172433,0,0,0.128144,0,0,0.00802344
3.61,-196.34,916.892,58.6305,-240.267,737.538,73.0511,30.5256,0.665349,-8.89688,36.6185,-6.9285,20.5242,18.4949,5.21329,-24.8053,16.7354,0,0,171.764,-177.359,-1.96238,-86.867,4.84318,-167.224,-15.644,-8.53702e-016,-1.79298,-54.9128,-33.9639,-0.989709,12.5309,-51.8327,12.8328,0,0,-0.00654952,0,0,0.113406,0,0,0.00492962
3.62,-193.579,942.258,61.4246,-239.148,762.848,70.6163,29.5702,0.541313,-8.78229,37.5801,-6.87486,21.0577,18.843,5.43915,-25.6503,16.9267,0,0,171.779,-177.561,-2.06047,-88.5631,4.55196,-166.763,-15.9802,4.08792e-015,-3.33912,-48.1409,-34.5132,-2.39963,-1.76016,-59.2744,12.6439,0,0,-0.0335206,0,0,0.0996997,0,0,0.00185002
3.63,-190.594,967.676,64.655,-237.697,788.33,68.4815,28.5565,0.425984,-8.60001,38.4792,-6.76358,21.4822,19.1397,5.64527,-26.4109,17.0767,0,0,171.796,-177.764,-2.15443,-90.3008,4.24122,-166.34,-16.1835,-4.58865e-015,-4.93118,-41.8551,-34.7904,-3.86196,-15.6879,-65.7222,12.3696,0,0,-0.0618394,0,0,0.0876562,0,0,-0.000876688
3.64,-187.429,993.074,68.3253,-235.854,813.905,66.6573,27.4915,0.320637,-8.34168,39.3137,-6.58775,21.8016,19.3784,5.82576,-27.0685,17.1851,0,0,171.813,-177.967,-2.24361,-92.0766,3.9077,-165.986,-16.2428,-2.29843e-016,-6.45879,-36.0232,-34.6418,-5.27588,-29.4931,-70.8486,11.9575,0,0,-0.0909566,0,0,0.0770189,0,0,-0.00294785
3.65,-184.131,1018.38,72.4356,-233.557,839.499,65.145,26.3836,0.226322,-8.00244,40.0828,-6.34305,22.025,19.5522,5.97526,-27.6073,17.2512,0,0,171.827,-178.168,-2.32748,-93.8876,3.54823,-165.731,-16.1477,2.88945e-015,-7.78765,-30.8866,-33.9778,-6.51779,-42.6519,-74.2426,11.3644,0,0,-0.118885,0,0,0.0678272,0,0,-0.00416779
3.66,-180.747,1043.54,76.9811,-230.758,865.045,63.9369,25.242,0.143918,-7.58122,40.7873,-6.02829,22.1659,19.6542,6.08965,-28.0159,17.2732,0,0,171.837,-178.368,-2.40564,-95.7317,3.16066,-165.602,-15.882,3.54615e-015,-8.7927,-26.2971,-32.5879,-7.47278,-55.2677,-75.5959,10.521,0,0,-0.14482,0,0,0.0594641,0,0,-0.00453656
3.67,-177.316,1068.47,81.9511,-227.421,890.489,63.0163,24.0768,0.0741394,-7.08139,41.4289,-5.64591,22.2404,19.677,6.16641,-28.2883,17.2478,0,0,171.841,-178.565,-2.47769,-97.6072,2.74496,-165.62,-15.4381,-5.25355e-016,-9.37003,-22.073,-30.3119,-8.04464,-67.4505,-74.8939,9.38776,0,0,-0.168245,0,0,0.0513338,0,0,-0.00425599
3.68,-173.873,1093.13,87.3249,-223.534,915.787,62.3564,22.8985,0.0176065,-6.51092,42.0098,-5.20246,22.2653,19.613,6.20484,-28.4241,17.1695,0,0,171.837,-178.759,-2.54326,-99.513,2.30422,-165.798,-14.8164,-2.10142e-015,-9.45707,-17.8343,-26.9366,-8.17459,-79.1166,-72.0684,7.91167,0,0,-0.188394,0,0,0.0426872,0,0,-0.00368036
3.69,-170.442,1117.45,93.0688,-219.113,940.907,61.9203,21.7179,-0.0249462,-5.8818,42.5323,-4.70822,22.2559,19.4534,6.20618,-28.4288,17.0303,0,0,171.823,-178.951,-2.60201,-101.448,1.84544,-166.141,-14.0356,1.05071e-015,-9.0316,-13.2599,-22.3364,-7.83934,-90.1997,-67.3417,6.0764,0,0,-0.204854,0,0,0.0330688,0,0,-0.00321675
3.7,-167.039,1141.36,99.132,-214.2,965.825,61.6595,20.5455,-0.0527228,-5.20982,42.9977,-4.17743,22.2246,19.1886,6.17327,-28.3126,16.8197,0,0,171.797,-179.14,-2.65364,-103.413,1.3798,-166.642,-13.1351,1.05071e-015,-8.12767,-7.57977,-16.2732,-7.06615,-101.26,-60.9033,3.86557,0,0,-0.218699,0,0,0.0219742,0,0,-0.00322202
3.71,-163.671,1164.81,105.442,-208.866,990.519,61.5125,19.3909,-0.0648065,-4.51362,43.4048,-3.62744,22.1793,18.8075,6.11014,-28.0887,16.5241,0,0,171.757,-179.327,-2.69785,-105.405,0.922552,-167.287,-12.2007,1.05071e-015,-6.80442,-0.430975,-8.73289,-5.9023,-111.818,-53.0295,1.33532,0,0,-0.229248,0,0,0.0098884,0,0,-0.00394283
3.72,-160.341,1187.72,111.904,-203.205,1014.96,61.4049,18.2623,-0.0601554,-3.81305,43.7491,-3.07781,22.1224,18.2985,6.02137,-27.7724,16.129,0,0,171.702,-179.514,-2.73449,-107.424,0.492078,-168.055,-11.3718,5.25355e-016,-5.14921,8.8809,0.346054,-4.41898,-122.396,-43.9693,-1.42071,0,0,-0.238128,0,0,-0.00215169,0,0,-0.00553222
3.73,-157.049,1210.03,118.392,-197.331,1039.11,61.2496,17.1652,-0.0376877,-3.12795,44.0213,-2.54894,22.0509,17.6509,5.91157,-27.3784,15.6198,0,0,171.631,-179.7,-2.76349,-109.465,0.10818,-168.919,-10.853,-7.88033e-016,-3.24759,20.7271,10.8112,-2.68476,-133.178,-34.0348,-4.2286,0,0,-0.246532,0,0,-0.0118098,0,0,-0.00814962
3.74,-153.798,1231.66,124.75,-191.366,1062.89,60.9511,16.1027,0.00351842,-2.47621,44.2066,-2.0604,21.9566,16.8586,5.78498,-26.9206,14.986,0,0,171.542,-179.888,-2.78497,-111.517,-0.210501,-169.848,-10.9078,1.57607e-015,-1.17663,35.6007,22.483,-0.763169,-145.05,-23.5524,-6.87227,0,0,-0.257031,0,0,-0.0156168,0,0,-0.0120787
3.75,-150.592,1252.54,130.791,-185.436,1086.2,60.4119,15.0749,0.0640774,-1.8722,44.2842,-1.62908,21.8265,15.9243,5.64525,-26.4108,14.2251,0,0,171.433,-180.079,-2.7993,-113.559,-0.44951,-170.809,-11.8157,3.28347e-017,1.01487,53.5485,35.0055,1.30067,-158.991,-12.799,-9.13422,0,0,-0.272128,0,0,-0.00876644,0,0,-0.0177488
3.76,-147.438,1272.59,136.293,-179.662,1108.9,59.5443,14.079,0.144247,-1.32588,44.2282,-1.2679,21.6438,14.8653,5.49545,-25.8591,13.3477,0,0,171.304,-180.273,-2.80711,-115.557,-0.601953,-171.767,-13.8366,3.94016e-016,3.27433,74.5256,47.9213,3.44568,-176.399,-2.18744,-10.8062,0,0,-0.294665,0,0,0.014471,0,0,-0.0255245
3.77,-144.347,1291.73,141.011,-174.158,1130.78,58.2828,13.1102,0.243969,-0.842185,44.0086,-0.984932,21.3892,13.7182,5.33832,-25.2746,12.383,0,0,171.155,-180.471,-2.80933,-117.457,-0.671378,-172.683,-17.0883,2.62678e-015,5.54585,97.7895,60.5443,5.59475,-198.154,7.98541,-11.7642,0,0,-0.326117,0,0,0.0597906,0,0,-0.0351406
3.78,-141.329,1309.87,144.683,-169.023,1151.62,56.5979,12.1625,0.363016,-0.421411,43.5943,-0.783319,21.0415,12.5412,5.17639,-24.6661,11.3808,0,0,170.984,-180.674,-2.80722,-119.187,-0.673313,-173.515,-21.5168,4.20284e-015,7.7393,122.091,72.0357,7.63402,-224.7,17.4344,-11.9888,0,0,-0.366838,0,0,0.131036,0,0,-0.045118
3.79,-138.393,1326.95,147.054,-164.346,1171.13,54.5061,11.2302,0.501177,-0.0601485,42.9566,-0.661845,20.58,11.4132,5.01224,-24.043,10.4114,0,0,170.793,-180.88,-2.80235,-120.655,-0.634661,-174.222,-26.8087,-2.10142e-015,9.72032,145.519,81.3053,9.41732,-255.268,25.6611,-11.5135,0,0,-0.414777,0,0,0.22763,0,0,-0.0523903
3.8,-135.546,1342.89,147.894,-160.198,1189.02,52.0751,10.3092,0.658454,0.247113,42.0728,-0.61611,19.9859,10.4276,4.84857,-23.4154,9.56038,0,0,170.583,-181.087,-2.79654,-121.761,-0.590375,-174.761,-32.4219,-1.05071e-015,11.315,165.524,87.1923,10.7856,-287.622,32.3201,-10.4719,0,0,-0.464955,0,0,0.341829,0,0,-0.0528809
3.81,-132.786,1357.63,147.031,-156.632,1205.02,49.4207,9.39857,0.835461,0.50633,40.9309,-0.639822,19.2451,9.68292,4.68806,-22.794,8.92029,0,0,170.354,-181.292,-2.7918,-122.403,-0.577801,-175.095,-37.6332,3.15213e-015,12.335,179.451,88.695,11.5964,-318.711,36.9332,-9.0254,0,0,-0.510297,0,0,0.457974,0,0,-0.0430417
3.82,-130.109,1371.11,144.377,-153.678,1218.89,46.695,8.50166,1.03337,0.722295,39.5328,-0.725931,18.3502,9.27074,4.53282,-22.1873,8.57891,0,0,170.11,-181.491,-2.79034,-122.493,-0.629394,-175.196,-41.6363,1.05071e-015,12.6187,184.781,85.1571,11.7532,-344.465,39.1924,-7.33094,0,0,-0.541436,0,0,0.554065,0,0,-0.0219425
3.83,-127.503,1383.3,139.952,-151.341,1230.48,44.0648,7.62657,1.25412,0.897363,37.8964,-0.867267,17.3027,9.26105,4.38373,-21.5996,8.60558,0,0,169.854,-181.679,-2.79438,-121.97,-0.765257,-175.046,-43.7082,-4.7282e-015,12.0765,180.086,76.5605,11.2234,-361.1,38.5979,-5.46897,0,0,-0.549422,0,0,0.608093,0,0,0.00722053
3.84,-124.953,1394.18,133.894,-149.596,1239.76,41.6849,6.786,1.50039,1.03106,36.0559,-1.0565,16.1128,9.68847,4.2398,-21.0276,9.0377,0,0,169.59,-181.848,-2.80608,-120.815,-0.987298,-174.647,-43.3807,1.05071e-015,10.7364,165.27,63.6623,10.0532,-365.848,34.874,-3.50581,0,0,-0.52831,0,0,0.605217,0,0,0.0375341
3.85,-122.439,1403.74,126.458,-148.384,1246.84,39.6726,5.9959,1.77531,1.12087,34.0596,-1.28542,14.7998,10.5417,4.09796,-20.4594,9.86985,0,0,169.323,-181.992,-2.82741,-119.06,-1.27713,-174.015,-40.6184,2.10142e-015,8.75354,142.027,48.0115,8.361,-357.888,28.0582,-1.53318,0,0,-0.477892,0,0,0.544766,0,0,0.0611018
3.86,-119.939,1411.99,117.989,-147.625,1251.93,38.0942,5.27339,2.08238,1.16366,31.9651,-1.54414,13.3894,11.7618,3.95362,-19.8767,11.052,0,0,169.058,-182.102,-2.85994,-116.789,-1.59935,-173.189,-35.8857,-7.35497e-015,6.40607,112.997,31.7226,6.3461,-337.804,19.074,0.21597,0,0,-0.403726,0,0,0.43956,0,0,0.0726969
3.87,-117.432,1418.98,108.878,-147.217,1255.35,36.9647,4.63412,2.425,1.15814,29.8335,-1.82053,11.9111,13.252,3.80204,-19.26,12.4979,0,0,168.799,-182.172,-2.90465,-114.126,-1.91012,-172.218,-29.9255,4.20284e-015,4.01456,81.6909,17.0895,4.2455,-308.116,9.45241,1.45013,0,0,-0.316825,0,0,0.312714,0,0,0.0717033
3.88,-114.896,1424.77,99.5149,-147.057,1257.44,36.2554,4.08957,2.80585,1.10669,27.7225,-2.10065,10.3952,14.8946,3.63973,-18.5944,14.1006,0,0,168.553,-182.196,-2.96186,-111.216,-2.16736,-171.158,-23.6063,-2.75811e-015,1.86856,50.522,5.84263,2.29454,-270.011,1.28513,1.95052,0,0,-0.228257,0,0,0.184983,0,0,0.0615729
3.89,-112.318,1429.44,90.2504,-147.049,1258.57,35.9062,3.64492,3.2264,1.01679,25.6806,-2.36967,8.87054,16.5704,3.46607,-17.8762,15.7491,0,0,168.323,-182.167,-3.03085,-108.206,-2.34015,-170.063,-17.6822,-4.09613e-015,0.145976,21.5636,-1.07528,0.660938,-225.485,-3.99838,1.70879,0,0,-0.14899,0,0,0.0725907,0,0,0.0473928
3.9,-109.694,1433.09,81.3699,-147.114,1259.04,35.8402,3.29805,3.6863,0.901324,23.743,-2.61358,7.36391,18.1744,3.28351,-17.1147,17.3434,0,0,168.114,-182.083,-3.10995,-105.229,-2.41417,-168.981,-12.6899,1.31339e-015,-1.07168,-4.54399,-3.58725,-0.549846,-175.235,-5.43435,0.902449,0,0,-0.0862756,0,0,-0.0182574,0,0,0.0335534
3.91,-107.042,1435.86,73.0844,-147.196,1259.14,35.9763,3.03941,4.18317,0.777627,21.9301,-2.82075,5.90014,19.6257,3.09741,-16.3319,18.8034,0,0,167.929,-181.943,-3.19642,-102.393,-2.39286,-167.947,-8.87224,-7.22363e-016,-1.815,-26.9656,-2.2786,-1.33114,-122.235,-3.30696,-0.186905,0,0,-0.0440317,0,0,-0.0853216,0,0,0.0224843
3.92,-104.396,1437.89,65.5309,-147.259,1259.08,36.2389,2.85358,4.71269,0.664643,20.2482,-2.9835,4.50135,20.8704,2.91457,-15.5565,20.0722,0,0,167.769,-181.748,-3.28662,-99.7745,-2.29398,-166.983,-6.22948,3.87449e-015,-2.18226,-45.5791,1.77059,-1.74859,-68.8281,1.32959,-1.27515,0,0,-0.0206079,0,0,-0.131583,0,0,0.01475
3.93,-101.812,1439.31,58.7837,-147.287,1258.99,36.5637,2.72104,5.26906,0.581494,18.6914,-3.09826,3.18662,21.8776,2.74208,-14.8194,21.1143,0,0,167.637,-181.501,-3.37637,-97.4237,-2.14418,-166.105,-4.60234,-6.23859e-016,-2.30655,-60.0004,7.3959,-1.91469,-19.0602,7.09967,-2.20035,0,0,-0.0111376,0,0,-0.160309,0,0,0.00979012
3.94,-99.3586,1440.27,52.8705,-147.279,1258.97,36.9008,2.62081,5.84564,0.544183,17.246,-3.16591,1.97299,22.6338,2.58627,-14.1491,21.9109,0,0,167.532,-181.206,-3.46103,-95.3676,-1.97328,-165.32,-3.75931,4.00583e-015,-2.31119,-70.4723,13.4724,-1.94411,24.5946,12.6841,-2.87471,0,0,-0.00882267,0,0,-0.176197,0,0,0.00665173
3.95,-97.112,1440.9,47.7888,-147.242,1259.08,37.2146,2.53257,6.43574,0.565176,15.8938,-3.1908,0.87615,23.1366,2.45242,-13.57,22.4548,0,0,167.456,-180.868,-3.53611,-93.6171,-1.80987,-164.633,-3.45169,2.28201e-015,-2.29926,-76.9424,19.1004,-1.93935,59.0207,17.1077,-3.31177,0,0,-0.00806811,0,0,-0.18204,0,0,0.00445425
3.96,-95.1453,1441.32,43.5204,-147.186,1259.33,37.4821,2.43896,7.03325,0.651631,14.6166,-3.17998,-0.0884927,23.3898,2.34461,-13.1015,22.7462,0,0,167.408,-180.493,-3.59739,-92.173,-1.67843,-164.05,-3.47201,-4.0715e-015,-2.32667,-80.0771,23.6554,-1.96045,83.5936,19.9151,-3.53201,0,0,-0.00549277,0,0,-0.181033,0,0,0.00256994
3.97,-93.5187,1441.6,40.0418,-147.123,1259.73,37.6906,2.32662,7.6331,0.805995,13.399,-3.14177,-0.905225,23.4001,2.26604,-12.7589,22.7893,0,0,167.389,-180.086,-3.64122,-91.0307,-1.59785,-163.572,-3.65451,-5.40952e-015,-2.42306,-80.3824,26.8542,-2.04276,98.662,21.1356,-3.60442,0,0,-0.000372026,0,0,-0.174857,0,0,0.000635011
3.98,-92.2749,1441.81,37.3308,-147.062,1260.25,37.8343,2.18653,8.23137,1.02731,12.2298,-3.08442,-1.55919,23.1748,2.21926,-12.5545,22.5896,0,0,167.399,-179.65,-3.66466,-90.1839,-1.58051,-163.202,-3.88897,2.03678e-015,-2.59414,-78.4067,28.6839,-2.19765,105.028,21.1496,-3.60406,0,0,0.00619394,0,0,-0.164695,0,0,-0.00151665
3.99,-91.4385,1441.99,35.3693,-147.009,1260.89,37.9118,2.01363,8.82534,1.31135,11.1021,-3.0154,-2.03775,22.72,2.20603,-12.4965,22.1528,0,0,167.439,-179.188,-3.66541,-89.6256,-1.63167,-162.945,0,0,0,0,0,0,0,0,0,0,0,0,0,0,0,0,0,0
4,-91.0209,1442.15,34.1451,-146.968,1261.63,37.9236,1.8057,9.41315,1.65347,10.0124,-2.94059,-2.33083,22.0402,2.2278,-12.5918,21.4834,0,0,167.508,-178.702,-3.64181,-89.3502,-1.74959,-162.802,0,0,0,0,0,0,0,0,0,0,0,0,0,0,0,0,0,0
4.01,-91.0254,1442.31,33.6513,-146.942,1262.45,37.8702,1.56205,9.99362,2.04914,8.95922,-2.86452,-2.43118,21.1377,2.28575,-12.8449,20.5844,0,0,167.609,-178.193,-3.5926,-89.3528,-1.9253,-162.778,0,0,0,0,0,0,0,0,0,0,0,0,0,0,0,0,0,0
4.02,-91.4528,1442.46,33.8852,-146.93,1263.36,37.7521,1.28265,10.5659,2.49423,7.94155,-2.7908,-2.33375,20.0129,2.38076,-13.2588,19.4577,0,0,167.742,-177.662,-3.51664,-89.6286,-2.14259,-162.879,0,0,0,0,0,0,0,0,0,0,0,0,0,0,0,0,0,0

