Frame number,152
First frame,190
Point frequency,100
Analog frequency,200

Time,RHEE,,,RTOE,,,RHipAngles,,,RKneeAngles,,,RAnkleAngles,,,RAbsAnkleAngle,,,RPelvisAngles,,,RFootProgressAngles,,,RAnkleMoment,,,RKneeMoment,,,RHipMoment,,,RHipPower,,,RKneePower,,,RAnklePower,,
s,mm,mm,mm,mm,mm,mm,deg,deg,deg,deg,deg,deg,deg,deg,deg,deg,deg,deg,deg,deg,deg,deg,deg,deg,Nmm,Nmm,Nmm,Nmm,Nmm,Nmm,Nmm,Nmm,Nmm,W,W,W,W,W,W,W,W,W
,X,Y,Z,X,Y,Z,X,Y,Z,X,Y,Z,X,Y,Z,X,Y,Z,X,Y,Z,X,Y,Z,X,Y,Z,X,Y,Z,X,Y,Z,X,Y,Z,X,Y,Z,X,Y,Z
1.89,33.2593,-929.995,259.134,56.8215,-871.633,89.7167,15.7041,-3.11852,-0.978009,62.8408,-4.41552,32.3518,-11.8379,8.09922,-34.6766,-9.71254,0,0,11.512,-8.6903,-0.569472,-21.5467,-13.5421,0.0955451,0,0,0,0,0,0,0,0,0,0,0,0,0,0,0,0,0,0
1.9,31.3471,-903.864,263.518,52.4607,-842.314,93.8394,18.1756,-2.27652,-3.01865,65.2128,-6.34951,34.1634,-10.9442,8.23736,-35.0988,-8.93598,0,0,11.4721,-8.14764,-0.863511,-22.3945,-13.086,0.865774,0,0,0,0,0,0,0,0,0,0,0,0,0,0,0,0,0,0
1.91,29.4466,-877.388,265.805,48.4235,-811.273,96.9856,20.5768,-1.46947,-5.01143,67.1943,-8.21394,35.7655,-9.84303,8.40034,-35.5913,-7.99083,0,0,11.4416,-7.61932,-1.14077,-23.7199,-12.4711,1.49998,0,0,0,0,0,0,0,0,0,0,0,0,0,0,0,0,0,0
1.92,27.5669,-850.554,265.999,44.7219,-778.524,99.1673,22.899,-0.699629,-6.8988,68.7868,-9.94258,37.1808,-8.5234,8.584,-36.1387,-6.87454,0,0,11.4179,-7.10529,-1.4021,-25.5232,-11.6839,1.99563,0,0,0,0,0,0,0,0,0,0,0,0,0,0,0,0,0,0
1.93,25.7262,-823.326,264.122,41.3852,-744.112,100.414,25.1338,0.0305347,-8.62976,69.9927,-11.4803,38.4251,-6.98579,8.78095,-36.7172,-5.5948,0,0,11.3985,-6.60605,-1.64832,-27.7916,-10.7164,2.34599,-24.395,2.10142e-015,14.5543,94.1525,107.173,8.66591,-126.204,44.2717,-30.5636,0,0,0.282146,0,0,-0.199919,0,0,0.0659154
1.94,23.9458,-795.631,260.215,38.4666,-708.127,100.778,27.2732,0.71764,-10.1622,70.8154,-12.7844,39.5088,-5.25185,8.98228,-37.2992,-4.1756,0,0,11.3806,-6.12283,-1.88027,-30.4921,-9.57672,2.53996,-21.9201,-1.05071e-015,14.8237,84.3471,106.253,9.84316,-116.761,47.1388,-33.236,0,0,0.226543,0,0,-0.103294,0,0,0.0652554
1.95,22.2411,-767.349,254.351,36.0448,-670.703,100.333,29.3097,1.35812,-11.4651,71.2612,-13.8252,40.4371,-3.36502,9.17997,-37.8618,-2.65609,0,0,11.3611,-5.65701,-2.09899,-33.5722,-8.29286,2.5615,-19.1011,-2.10142e-015,15.277,72.2994,103.573,11.2461,-109.669,52.2017,-36.1177,0,0,0.182758,0,0,-0.0204471,0,0,0.0615797
1.96,20.618,-738.331,246.641,34.2193,-632.012,99.1769,31.2375,1.94902,-12.5203,71.3402,-14.5871,41.2088,-1.38355,9.36865,-38.3906,-1.08437,0,0,11.3376,-5.21001,-2.30577,-36.9655,-6.91098,2.3903,-16.3593,-0,15.8018,58.7206,98.9999,12.6435,-105.943,57.6459,-38.8124,0,0,0.156969,0,0,0.04262,0,0,0.0561132
1.97,19.0759,-708.411,237.235,33.0973,-592.244,97.4245,33.0526,2.48931,-13.3224,71.0671,-15.0684,41.815,0.630086,9.54548,-38.879,0.490506,0,0,11.3083,-4.78266,-2.50211,-40.6013,-5.48761,2.00527,-14.1327,2.10142e-015,16.2159,44.5615,93.6566,13.7617,-102.826,64.8301,-41.68,0,0,0.136093,0,0,0.0841609,0,0,0.0503385
1.98,17.6199,-677.433,226.317,32.7757,-551.589,95.2053,34.7527,2.98056,-13.8785,70.4599,-15.2805,42.2379,2.61947,9.70818,-39.3222,2.02613,0,0,11.2723,-4.37495,-2.68964,-44.4138,-4.07986,1.39035,-12.6347,-2.10142e-015,16.2958,30.3493,85.3634,14.3575,-80.1382,68.9842,-42.74,0,0,0.0756626,0,0,0.102408,0,0,0.0450039
1.99,16.2761,-645.27,214.101,33.3237,-510.221,92.6535,36.3366,3.42709,-14.2055,69.5381,-15.2464,42.4514,4.53941,9.85207,-39.7094,3.49064,0,0,11.2297,-3.9858,-2.86983,-48.348,-2.7378,0.541032,-11.9692,-1.05071e-015,15.8175,17.1256,75.2157,14.2269,-42.0336,68.8967,-42.1968,0,0,0.015579,0,0,0.0923742,0,0,0.0404567
2,15.1037,-611.834,200.822,34.7707,-468.288,89.9007,37.8031,3.83534,-14.3286,68.3201,-14.9987,42.4238,6.35531,9.96749,-40.0168,4.8631,0,0,11.182,-3.61324,-3.0437,-52.3626,-1.50112,-0.530919,-11.9105,-0,14.6798,4.14509,66.6533,13.3363,-39.5648,69.3142,-42.9554,0,0,0.0220687,0,0,0.0774018,0,0,0.035757
2.01,14.1993,-577.084,186.729,37.1037,-425.909,87.0722,40.222,4.21127,-13.8451,66.8983,-14.1962,41.9869,8.02566,10.0525,-40.2414,6.11783,0,0,12.1479,-3.31107,-3.15337,-56.4395,-0.43415,-1.78085,-12.4681,1.05071e-015,13.1858,0.693958,69.6294,12.0161,-108.852,64.6334,-47.1391,0,0,0.211172,0,0,0.083967,0,0,0.0313917
2.02,13.6928,-541.028,172.085,40.271,-383.176,84.2865,41.4332,4.56114,-13.6857,65.1245,-13.6743,41.3893,9.54986,10.0617,-40.2655,7.27291,0,0,12.0847,-2.96586,-3.32135,-60.5408,0.509411,-3.19015,-13.3287,5.25355e-016,10.8903,-6.82159,64.3232,9.88916,-104.379,65.0572,-47.5504,0,0,0.19511,0,0,0.0651085,0,0,0.0269779
2.03,13.7351,-503.711,157.156,44.1902,-340.163,81.6565,42.5245,4.89135,-13.4261,63.085,-13.0706,40.4664,10.8815,9.98378,-40.0599,8.30747,0,0,12.0299,-2.62951,-3.48024,-64.6648,1.27221,-4.6826,-14.4359,-1.05071e-015,8.34655,-11.6416,60.0783,7.51776,-71.2897,69.5842,-47.2628,0,0,0.0784756,0,0,0.0573262,0,0,0.0234467
2.04,14.4812,-465.217,142.209,48.7565,-296.94,79.2941,43.4925,5.20399,-13.1074,60.7806,-12.4337,39.2066,11.9845,9.79651,-39.5605,9.21192,0,0,11.9888,-2.30062,-3.62694,-68.8008,1.8349,-6.18712,-15.8605,-1.31339e-015,5.65335,-12.3145,58.5075,5.00382,-58.2889,69.6102,-46.8598,0,0,0.0547115,0,0,0.0526823,0,0,0.021941
2.05,16.0731,-425.651,127.499,53.8561,-253.58,77.3225,44.3324,5.49788,-12.7701,58.2093,-11.8088,37.6081,12.8281,9.48221,-38.705,9.97764,0,0,11.9656,-1.97911,-3.75694,-72.9397,2.18396,-7.63177,-17.8206,2.62678e-016,3.13278,-8.97672,59.4891,2.66232,-67.2108,68.6221,-46.4879,0,0,0.059661,0,0,0.0656865,0,0,0.0232739
2.06,18.623,-385.137,113.262,59.3797,-210.169,75.8924,45.0376,5.76864,-12.4515,55.3676,-11.2338,35.6786,13.4002,9.03148,-37.4401,10.6033,0,0,11.9633,-1.66632,-3.86468,-77.0781,2.31816,-8.95357,-20.422,1.77307e-015,1.15304,-4.43897,59.5787,0.85629,-77.8947,69.7986,-44.9217,0,0,0.0573197,0,0,0.0840631,0,0,0.0271111
2.07,22.2012,-343.805,99.7155,65.2346,-166.808,75.1899,45.6005,6.00859,-12.1826,52.2517,-10.7351,33.4342,13.7179,8.44535,-35.7262,11.0996,0,0,11.9835,-1.36512,-3.94364,-81.2219,2.25168,-10.1053,-23.6977,-7.77772e-016,-0.19838,0.444186,58.6321,-0.329944,-86.6333,71.9058,-42.42,0,0,0.0463594,0,0,0.104587,0,0,0.0325187
2.08,26.8276,-301.788,87.0578,71.3507,-123.615,75.4308,46.0134,6.20757,-11.9848,48.8592,-10.3236,30.8991,13.8254,7.73509,-33.5419,11.4886,0,0,12.0267,-1.07953,-3.98693,-85.3849,2.01063,-11.0572,-27.3947,3.61182e-016,-0.935767,4.61961,56.6443,-0.91309,-92.9142,74.5219,-39.3055,0,0,0.0300684,0,0,0.121912,0,0,0.0379749
2.09,32.4697,-259.225,75.4803,77.6792,-80.7366,76.8391,46.2692,6.35381,-11.8682,45.1906,-9.99346,28.1032,13.7818,6.91982,-30.886,11.7968,0,0,12.0919,-0.814181,-3.98785,-89.5834,1.62557,-11.7941,-31.0342,9.10137e-016,-1.15897,6.01516,53.6883,-0.998375,-94.6089,77.4432,-36.0233,0,0,0.0116881,0,0,0.123357,0,0,0.0418306
2.1,39.0411,-216.275,65.1698,84.1878,-38.3523,79.6157,46.3628,6.4353,-11.8298,41.252,-9.72238,25.0822,13.6469,6.02395,-27.7816,12.0486,0,0,12.1771,-0.57373,-3.9405,-93.8273,1.12509,-12.3117,-33.9799,1.12869e-016,-1.01368,1.05215,49.7565,-0.740464,-86.3031,80.5952,-32.7678,0,0,-0.00389681,0,0,0.0830875,0,0,0.0425404
2.11,46.4031,-173.135,56.3052,90.8497,3.31737,83.9004,46.2925,6.44153,-11.8539,37.0605,-9.47556,21.8794,13.4704,5.07491,-24.2816,12.2593,0,0,12.2791,-0.362134,-3.84057,-98.1125,0.533765,-12.613,-35.551,-1.14921e-016,-0.6246,-15.2319,44.9143,-0.276473,-60.7394,83.7972,-29.0986,0,0,-0.0066802,0,0,-0.0401632,0,0,0.0387494
2.12,54.3679,-130.073,49.0418,97.6326,44.008,89.733,46.0625,6.36526,-11.9141,32.6509,-9.21325,18.5485,13.2859,4.10154,-20.4738,12.4327,0,0,12.394,-0.182084,-3.686,-102.413,-0.12567,-12.7074,-35.1722,-8.53702e-016,-0.0552367,-48.3468,39.5095,0.317714,-11.0789,86.2589,-23.7577,0,0,0.0180298,0,0,-0.297213,0,0,0.0296703
2.13,62.7075,-87.4528,43.4832,104.488,83.4106,97.0181,45.6847,6.20452,-11.9774,28.0845,-8.90109,15.1553,13.1088,3.13303,-16.4822,12.5612,0,0,12.517,-0.0343434,-3.47756,-106.676,-0.828348,-12.6118,-32.4792,2.62678e-016,0.680355,-102.472,34.4839,1.02199,66.2052,86.1944,-15.1193,0,0,0.0827554,0,0,-0.726175,0,0,0.0158783
2.14,71.1665,-45.7508,39.6453,111.349,121.175,105.498,45.1816,5.96399,-12.0109,23.4553,-8.52128,11.7737,12.9376,2.19749,-12.4592,12.6279,0,0,12.643,0.0825187,-3.21913,-110.816,-1.54419,-12.3543,-27.4499,2.3641e-015,1.62448,-178.782,31.6343,1.8842,169.546,81.6068,-2.2237,0,0,0.187608,0,0,-1.32077,0,0,-0.000383649
2.15,79.4784,-5.56142,37.4203,118.127,156.916,114.743,44.5864,5.65611,-11.9882,18.8932,-8.08031,8.47775,12.7594,1.32055,-8.56762,12.6147,0,0,12.7668,0.172569,-2.918,-114.724,-2.23833,-11.9782,-20.516,2.3641e-015,2.81858,-274.167,33.2781,2.9641,292.007,71.2631,14.4408,0,0,0.314265,0,0,-2.0021,0,0,-0.0155836
2.16,87.3883,32.4277,36.5499,124.73,190.232,124.164,43.9427,5.30059,-11.8952,14.5606,-7.60989,5.3338,12.5601,0.523928,-4.9594,12.5123,0,0,12.8832,0.24225,-2.58472,-118.276,-2.87644,-11.5416,-12.4699,-2.3641e-015,4.21608,-380.857,41.1306,4.23886,422.945,55.2692,32.985,0,0,0.4302,0,0,-2.61476,0,0,-0.0261509
2.17,94.6783,67.4827,36.6264,131.073,220.722,133.051,43.2999,4.92332,-11.7328,10.6401,-7.15935,2.39767,12.3345,-0.175284,-1.7578,12.3286,0,0,12.9878,0.300285,-2.23289,-121.35,-3.43272,-11.1127,-4.26323,-2.10142e-015,5.64193,-487.416,54.9139,5.55224,550.832,35.0063,50.8871,0,0,0.502066,0,0,-2.96492,0,0,-0.029976
2.18,101.193,98.8915,37.1298,137.088,248.027,140.641,42.7075,4.55424,-11.5144,7.31582,-6.78125,-0.280147,12.0915,-0.763853,0.946759,12.0899,0,0,13.077,0.357125,-1.87844,-123.837,-3.89595,-10.7589,3.21743,2.10142e-015,6.8254,-580.112,71.4727,6.64289,664.383,12.4305,65.7844,0,0,0.509568,0,0,-2.89215,0,0,-0.027126
2.19,106.854,126.046,37.5038,142.727,271.874,146.201,42.2055,4.22471,-11.259,4.7462,-6.51609,-2.64543,11.8501,-1.23049,3.08858,11.8326,0,0,13.1484,0.424323,-1.53873,-125.659,-4.26951,-10.5358,9.30632,-0,7.45797,-644.779,84.8338,7.20647,752.383,-11.0882,75.871,0,0,0.454336,0,0,-2.35306,0,0,-0.0192989
2.2,111.666,148.531,37.2573,147.959,292.129,149.139,41.8161,3.96448,-10.9804,3.03529,-6.38103,-4.63487,11.6267,-1.56375,4.61316,11.5885,0,0,13.2014,0.51376,-1.23143,-126.765,-4.56441,-10.4784,13.6055,-5.25355e-016,7.25127,-669.287,87.8941,6.95983,803.293,-35.3148,79.9573,0,0,0.362084,0,0,-1.47284,0,0,-0.00880283
2.21,115.693,166.209,36.0688,152.754,308.847,149.093,41.536,3.79918,-10.677,2.2074,-6.36572,-6.17888,11.4202,-1.75102,5.46705,11.3675,0,0,13.2369,0.636733,-0.973347,-127.141,-4.78844,-10.5985,15.9114,2.10142e-015,5.96633,-646.262,75.5718,5.67236,805.98,-60.3408,77.5044,0,0,0.275154,0,0,-0.516758,0,0,0.00189174
2.22,119.018,179.273,33.865,157.083,322.298,145.997,41.3355,3.74847,-10.3267,2.1942,-6.43375,-7.21178,11.1986,-1.77972,5.59774,11.1445,0,0,13.2578,0.802998,-0.779226,-126.799,-4.93649,-10.8878,16.0916,2.62678e-016,3.42808,-574.67,47.9004,3.17765,750.983,-85.0181,68.6092,0,0,0.232016,0,0,0.226832,0,0,0.00955603
2.23,121.723,188.252,30.8487,160.906,332.966,140.096,41.1625,3.82547,-9.89055,2.83898,-6.52952,-7.68646,10.8957,-1.64231,4.97163,10.8542,0,0,13.2686,1.02012,-0.66078,-125.776,-4.98826,-11.3187,14.0136,5.25355e-016,-0.441089,-460.765,10.9393,-0.598089,633.915,-106.573,53.9496,0,0,0.240787,0,0,0.586134,0,0,0.00928687
2.24,123.871,193.946,27.4604,164.17,341.505,131.902,40.9552,4.03663,-9.32301,3.91998,-6.5902,-7.58813,10.4207,-1.34316,3.6046,10.3999,0,0,13.2753,1.29277,-0.625966,-124.128,-4.91745,-11.8377,9.57068,-5.25355e-016,-5.47306,-318.261,-25.1496,-5.4946,459.859,-121.611,34.8729,0,0,0.265618,0,0,0.57666,0,0,-0.00485171
2.25,125.529,197.315,24.275,166.809,348.648,122.102,40.6572,4.38239,-8.58767,5.19085,-6.56216,-6.94355,9.68217,-0.90351,1.58833,9.67842,0,0,13.2839,1.62266,-0.678659,-121.925,-4.71182,-12.3599,2.8406,1.05071e-015,-10.9879,-167.29,-49.7342,-10.8617,246.775,-127.047,13.7658,0,0,0.244611,0,0,0.358089,0,0,-0.0357401
2.26,126.78,199.324,21.8496,168.748,355.081,111.455,40.2333,4.85774,-7.67226,6.43058,-6.41761,-5.82375,8.61886,-0.361451,-0.902617,8.61778,0,0,13.3002,2.00828,-0.818479,-119.261,-4.39367,-12.7733,-5.67527,2.10142e-015,-15.6939,-31.9852,-55.9011,-15.4673,26.17,-121.48,-5.77733,0,0,0.136659,0,0,0.117876,0,0,-0.0777321
2.27,127.742,200.787,20.5636,169.918,361.305,100.669,39.6804,5.4536,-6.59951,7.49067,-6.16488,-4.3373,7.22771,0.232973,-3.62984,7.21313,0,0,13.3281,2.44549,-1.04093,-116.261,-4.02587,-12.9586,-14.8876,-3.15213e-015,-18.0106,64.6385,-43.7715,-17.8094,-162.862,-107.286,-19.7177,0,0,-0.0357117,0,0,-0.0330861,0,0,-0.116107
2.28,128.549,202.235,20.5138,170.282,367.525,90.323,39.0294,6.1581,-5.42973,8.32588,-5.84589,-2.61177,5.57952,0.826095,-6.3344,5.54535,0,0,13.3688,2.92772,-1.33756,-113.077,-3.69386,-12.8204,-23.2909,2.10142e-015,-16.7992,110.099,-20.8532,-16.8049,-290.059,-91.1873,-25.4312,0,0,-0.195213,0,0,-0.0898265,0,0,-0.135027
2.29,129.331,203.88,21.5195,169.876,373.647,80.8051,38.3379,6.95834,-4.25332,8.99499,-5.52083,-0.775231,3.81286,1.36994,-8.78932,3.76801,0,0,13.4201,3.44647,-1.69616,-109.876,-3.47014,-12.3238,-29.637,-4.7282e-015,-12.0332,111.251,2.69506,-12.412,-351.362,-79.8747,-23.4263,0,0,-0.275458,0,0,-0.102715,0,0,-0.12843
2.3,130.173,205.696,23.2311,168.845,379.393,72.3257,37.6737,7.84117,-3.17293,9.62397,-5.24774,1.04478,2.10157,1.82914,-10.8369,2.06408,0,0,13.4769,3.99162,-2.1011,-106.806,-3.3813,-11.5199,-33.5286,3.41481e-015,-4.9462,89.7064,20.1233,-5.77987,-363.619,-75.0999,-16.8859,0,0,-0.266031,0,0,-0.107975,0,0,-0.103396
2.31,131.096,207.546,25.2627,167.444,384.476,64.9706,37.0937,8.79202,-2.27827,10.3432,-5.06773,2.71317,0.611054,2.18357,-12.3982,0.596806,0,0,13.5314,4.55164,-2.5338,-103.977,-3.39789,-10.5381,-35.2364,-0,2.47725,63.0986,28.8647,1.21368,-336.184,-75.1773,-9.04684,0,0,-0.188634,0,0,-0.106323,0,0,-0.0722509
2.32,132.069,209.293,27.2844,165.968,388.713,58.7506,36.6244,9.79132,-1.62048,11.2326,-4.99845,4.10747,-0.535232,2.431,-13.4771,-0.520469,0,0,13.5748,5.11357,-2.97336,-101.464,-3.45491,-9.54292,-35.4179,3.67749e-015,8.41464,36.5189,28.6852,6.82666,-263.92,-77.7033,-1.6818,0,0,-0.0761919,0,0,-0.0849284,0,0,-0.0433642
2.33,133.024,210.833,29.0644,164.669,392.049,53.6301,36.2512,10.8113,-1.19731,12.2982,-5.03366,5.16185,-1.26828,2.58901,-14.1609,-1.22975,0,0,13.5981,5.66322,-3.39768,-99.3109,-3.49026,-8.67675,-34.7748,-4.20284e-015,11.8144,10.5605,21.2655,10.038,-149.331,-80.4851,4.39533,0,0,0.0334167,0,0,-0.0411148,0,0,-0.018785
2.34,133.886,212.104,30.4757,163.689,394.536,49.5473,35.9227,11.8154,-0.956877,13.4808,-5.14681,5.88813,-1.57117,2.68985,-14.5951,-1.52043,0,0,13.5937,6.18544,-3.78466,-97.5383,-3.47222,-8.02219,-33.6123,2.62678e-016,12.5546,-11.4721,10.3724,10.7232,-15.3308,-81.6433,8.60877,0,0,0.122423,0,0,0.00824553,0,0,0.00242634
2.35,134.593,213.086,31.4823,163.054,396.293,46.4215,35.566,12.7622,-0.818246,14.6796,-5.29853,6.35483,-1.47305,2.76845,-14.9324,-1.4233,0,0,13.5564,6.66468,-4.11392,-96.1456,-3.40012,-7.5965,-31.842,2.75811e-015,11.2518,-25.6147,0.245615,9.48319,107.037,-80.1071,10.6258,0,0,0.202683,0,0,0.040732,0,0,0.0198771
2.36,135.107,213.787,32.1154,162.703,397.472,44.1477,35.1065,13.6106,-0.698719,15.7818,-5.44705,6.64889,-1.04019,2.85103,-15.2855,-1.00337,0,0,13.4835,7.08568,-4.36839,-95.107,-3.28834,-7.36869,-29.3492,-7.88033e-016,8.89773,-30.3017,-6.1953,7.28328,193.865,-75.4328,10.5114,0,0,0.286714,0,0,0.046872,0,0,0.0314655
2.37,135.42,214.238,32.4459,162.535,398.222,42.5924,34.4855,14.3255,-0.537838,16.6893,-5.55866,6.8443,-0.36122,2.94974,-15.7061,-0.347736,0,0,13.3759,7.43457,-4.5359,-94.3735,-3.15029,-7.28582,-26.2293,-1.7074e-015,6.46428,-25.9225,-7.77962,5.06058,233.097,-67.2825,8.62978,0,0,0.360334,0,0,0.0324436,0,0,0.0360255
2.38,135.548,214.482,32.5604,162.462,398.675,41.6017,33.6714,14.8805,-0.311336,17.335,-5.61464,6.98365,0.468798,3.06268,-16.1851,0.450206,0,0,13.2376,7.6997,-4.61029,-93.881,-2.99099,-7.29764,-22.8018,2.06859e-015,4.56261,-14.6568,-5.20789,3.3902,225.552,-56.1336,5.64776,0,0,0.39067,0,0,0.0121357,0,0,0.0347561
2.39,135.524,214.571,32.5417,162.432,398.935,41.0192,32.6623,15.2592,-0.032571,17.6891,-5.61226,7.07542,1.36253,3.17731,-16.6688,1.30527,0,0,13.0757,7.8726,-4.59195,-93.5608,-2.80824,-7.37025,-19.4993,-1.44473e-015,3.36102,-0.192572,-0.434405,2.4085,182.948,-43.5596,2.4302,0,0,0.354874,0,0,-0.000196764,0,0,0.0302486
2.4,135.389,214.553,32.4581,162.43,399.073,40.7047,31.4814,15.4556,0.257327,17.7555,-5.56061,7.10553,2.25113,3.27594,-17.083,2.15175,0,0,12.8998,7.9487,-4.48774,-93.3516,-2.59784,-7.48711,-16.689,-4.9252e-016,2.74337,13.692,4.66122,1.97788,122,-31.3335,-0.326287,0,0,0.25804,0,0,0.000746129,0,0,0.0248428
2.41,135.185,214.466,32.3589,162.466,399.14,40.5464,30.1682,15.4737,0.506194,17.5629,-5.47364,7.05415,3.08851,3.34156,-17.3576,2.94775,0,0,12.721,7.92754,-4.31009,-93.205,-2.35817,-7.64332,-14.5657,-2.3641e-015,2.46328,24.3996,8.87296,1.84378,58.2164,-21.1752,-2.3044,0,0,0.12832,0,0,0.0116032,0,0,0.0198421
2.42,134.951,214.343,32.2759,162.556,399.167,40.4651,28.7678,15.3264,0.667732,17.1543,-5.36424,6.90898,3.84967,3.36241,-17.4447,3.67237,0,0,12.5509,7.81291,-4.07569,-93.0877,-2.09225,-7.83855,-13.1445,-1.34622e-015,2.26595,30.801,11.5834,1.75452,2.2437,-14.8368,-3.48561,0,0,-0.00150206,0,0,0.0253029,0,0,0.0157177
2.43,134.718,214.205,32.2275,162.718,399.176,40.4112,27.3232,15.0349,0.713561,16.5773,-5.24153,6.67116,4.526,3.33425,-17.327,4.32022,0,0,12.4002,7.61231,-3.8037,-92.9787,-1.80735,-8.07135,-12.32,3.44764e-016,1.97907,33.1226,12.6057,1.54701,-41.4534,-13.811,-4.00653,0,0,-0.110783,0,0,0.03594,0,0,0.0125974
2.44,134.504,214.072,32.223,162.957,399.184,40.3577,25.8711,14.6263,0.637566,15.879,-5.11168,6.35368,5.12021,3.25986,-17.0156,4.8955,0,0,12.2777,7.33631,-3.51396,-92.866,-1.51345,-8.33628,-11.9276,5.91024e-016,1.52635,32.5074,11.9322,1.15551,-73.5186,-19.0185,-4.03525,0,0,-0.195364,0,0,0.0410833,0,0,0.0105008
2.45,134.319,213.959,32.2664,163.266,399.207,40.2929,24.4406,14.1327,0.453261,15.1045,-4.98049,5.97414,5.64187,3.14654,-16.5392,5.40772,0,0,12.1893,6.99749,-3.2253,-92.7432,-1.22122,-8.62382,-11.8056,9.43997e-017,0.914649,30.2448,9.62655,0.595277,-96.825,-30.3294,-3.7073,0,0,-0.259909,0,0,0.0411448,0,0,0.00937455
2.46,134.157,213.877,32.3571,163.623,399.254,40.2135,23.0545,13.5878,0.187034,14.2961,-4.85567,5.54632,6.10459,3.00287,-15.9317,5.86926,0,0,12.1378,6.60954,-2.95413,-92.6067,-0.940231,-8.92222,-11.8378,6.46433e-017,0.213701,27.2173,5.94185,-0.059017,-113.637,-46.0939,-3.13693,0,0,-0.307647,0,0,0.037566,0,0,0.0090788
2.47,133.999,213.837,32.4905,164,399.333,40.1207,21.7297,13.0248,-0.129104,13.4934,-4.74689,5.07471,6.52434,2.83635,-15.2228,6.29447,0,0,12.1228,6.18627,-2.71346,-92.455,-0.677795,-9.22013,-11.9651,-3.07825e-016,-0.472974,23.3797,1.32577,-0.70173,-123.402,-63.4002,-2.38903,0,0,-0.334259,0,0,0.0310584,0,0,0.00940142
2.48,133.82,213.84,32.6569,164.364,399.442,40.0176,20.4776,12.4724,-0.462383,12.7307,-4.66357,4.55614,6.91867,2.65303,-14.4368,6.69918,0,0,12.1411,5.74087,-2.5123,-92.2889,-0.438684,-9.50875,-12.1606,5.41772e-016,-1.04928,18.0404,-3.63532,-1.23595,-123.191,-78.9789,-1.49049,0,0,-0.331684,0,0,0.0217309,0,0,0.0101024
2.49,133.589,213.888,32.8421,164.684,399.576,39.9082,19.3024,11.9528,-0.780991,12.0341,-4.61214,3.9863,7.30597,2.45881,-13.5977,7.10012,0,0,12.1874,5.28535,-2.35548,-92.1115,-0.225833,-9.78262,-12.411,3.1193e-016,-1.44916,10.5099,-8.24881,-1.59533,-109.939,-90.0301,-0.466662,0,0,-0.295744,0,0,0.010195,0,0,0.0109553
2.5,133.286,213.972,33.0291,164.939,399.724,39.7966,18.2,11.4804,-1.05377,11.4177,-4.59385,3.36824,7.70415,2.26132,-12.7383,7.51342,0,0,12.255,4.83022,-2.24374,-91.929,-0.0413577,-10.0392,-12.6964,-1.97008e-016,-1.6449,0.794734,-11.7861,-1.75214,-83.1907,-94.8296,0.618531,0,0,-0.231072,0,0,-0.00179117,0,0,0.0117725
2.51,132.901,214.085,33.202,165.117,399.874,39.687,17.1574,11.0616,-1.2502,10.8826,-4.60389,2.71787,8.12855,2.07094,-11.9041,7.9526,0,0,12.3368,4.38433,-2.17423,-91.7491,0.112958,-10.2778,-12.9775,-4.84312e-016,-1.64666,-10.0763,-13.6822,-1.71679,-46.6048,-93.1691,1.65406,0,0,-0.150083,0,0,-0.0119634,0,0,0.0124323
2.52,132.445,214.213,33.3515,165.217,400.013,39.5824,16.1548,10.6963,-1.34198,10.4177,-4.63252,2.06276,8.58975,1.90012,-11.151,8.4264,0,0,12.4259,3.95491,-2.14111,-91.5794,0.236024,-10.4987,-13.2004,2.19172e-015,-1.49604,-20.3172,-13.7532,-1.53157,-7.26207,-86.3608,2.50379,0,0,-0.0679207,0,0,-0.0188112,0,0,0.0128982
2.53,131.943,214.345,33.4793,165.249,400.134,39.4848,15.1699,10.3793,-1.30663,10.0051,-4.66761,1.43507,9.09229,1.76102,-10.5349,8.93776,0,0,12.5158,3.54755,-2.13648,-91.4252,0.328412,-10.7027,-13.3101,-2.47902e-015,-1.2457,-28.2476,-12.2587,-1.25009,27.1221,-76.6726,3.0668,0,0,0.0028495,0,0,-0.0222693,0,0,0.0131838
2.54,131.429,214.469,33.5978,165.227,400.23,39.3949,14.1817,10.1032,-1.13173,9.62511,-4.69782,0.862826,9.63492,1.66296,-10.0989,9.48426,0,0,12.6014,3.16649,-2.15132,-91.2882,0.393076,-10.8908,-13.2714,-1.11228e-015,-0.961419,-32.8253,-9.83986,-0.938656,50.695,-66.6531,3.3023,0,0,0.0538666,0,0,-0.0231351,0,0,0.0133225
2.55,130.929,214.579,33.7247,165.169,400.297,39.3118,13.1747,9.8599,-0.817549,9.26141,-4.71502,0.363388,10.2116,1.61041,-9.86483,10.059,0,0,12.6786,2.8148,-2.17658,-91.1657,0.435361,-11.0644,-13.0835,6.21807e-016,-0.697972,-33.9617,-7.25114,-0.651874,61.0559,-58.3558,3.25004,0,0,0.0813924,0,0,-0.0223006,0,0,0.0133184
2.56,130.459,214.673,33.876,165.088,400.335,39.2324,12.1405,9.64277,-0.377382,8.90375,-4.71549,-0.0588824,10.8131,1.6025,-9.82956,10.6525,0,0,12.745,2.49461,-2.20414,-91.0506,0.462156,-11.225,-12.7797,-8.93719e-016,-0.487724,-32.2305,-5.12552,-0.421212,58.975,-52.9389,3.00095,0,0,0.0856651,0,0,-0.0202952,0,0,0.0131547
2.57,130.016,214.754,34.0645,164.996,400.346,39.1517,11.0782,9.44708,0.164253,8.54872,-4.69973,-0.411518,11.4284,1.63351,-9.96779,11.2536,0,0,12.7995,2.20729,-2.2276,-90.9334,0.480555,-11.3746,-12.4262,1.38008e-015,-0.329186,-28.6589,-3.82486,-0.244036,47.7154,-50.5817,2.6784,0,0,0.0711631,0,0,-0.017484,0,0,0.0128491
2.58,129.583,214.829,34.3012,164.899,400.336,39.0642,9.99312,9.27072,0.775252,8.199,-4.67147,-0.710729,12.0475,1.69425,-10.2382,11.8529,0,0,12.8428,1.95369,-2.24292,-90.8034,0.496361,-11.5158,-12.1076,1.839e-015,-0.197505,-24.5796,-3.47691,-0.0943981,32.0999,-50.771,2.42389,0,0,0.0462729,0,0,-0.0143943,0,0,0.0124879
2.59,129.135,214.904,34.596,164.8,400.314,38.9663,8.89512,9.11375,1.42038,7.86156,-4.63602,-0.975856,12.6627,1.77402,-10.5925,12.4434,0,0,12.8769,1.7342,-2.24863,-90.6515,0.513157,-11.6522,-11.881,2.19569e-015,-0.0666463,-21.073,-4.06297,0.0545911,16.6405,-52.6859,2.34009,0,0,0.0201028,0,0,-0.0115414,0,0,0.0121669
2.6,128.645,214.99,34.9566,164.702,400.296,38.8574,7.79608,8.97764,2.06594,7.54537,-4.59828,-1.22469,13.2695,1.86257,-10.9849,13.022,0,0,12.9054,1.54877,-2.24582,-90.4716,0.532346,-11.789,-11.7476,-1.65148e-015,0.0692344,-18.6992,-5.52763,0.209358,4.33328,-55.6229,2.46142,0,0,-0.000566784,0,0,-0.00920992,0,0,0.0119161
2.61,128.084,215.099,35.3856,164.605,400.296,38.7389,6.70806,8.86422,2.68275,7.25933,-4.56109,-1.47049,13.866,1.95136,-11.3773,13.5882,0,0,12.9325,1.39694,-2.23783,-90.2596,0.553923,-11.9326,-11.6589,1.70843e-016,0.20164,-17.5474,-7.74565,0.361413,-3.60569,-59.1317,2.76079,0,0,-0.012626,0,0,-0.0073951,0,0,0.0116952
2.62,127.429,215.245,35.882,164.508,400.324,38.6127,5.64187,8.77479,3.2483,7.01068,-4.52458,-1.72048,14.4518,2.03432,-11.743,14.1429,0,0,12.9631,1.27778,-2.22972,-90.0134,0.577344,-12.0911,-11.5682,3.4125e-015,0.324026,-17.4099,-10.4263,0.503704,-7.49741,-62.9257,3.1722,0,0,-0.0164832,0,0,-0.0058948,0,0,0.0114566
2.63,126.657,215.444,36.4458,164.405,400.383,38.4811,4.60613,8.7097,3.74688,6.80419,-4.48676,-1.97629,15.0272,2.10788,-12.0663,14.6876,0,0,13.0018,1.18983,-2.22764,-89.7321,0.601848,-12.273,-11.4362,-1.44678e-016,0.414162,-18.0813,-13.1613,0.613729,-8.43731,-66.7917,3.60821,0,0,-0.0144502,0,0,-0.00450535,0,0,0.011138
2.64,125.745,215.713,37.0866,164.291,400.466,38.3472,3.60694,8.66836,4.16859,6.64249,-4.44492,-2.23434,15.5923,2.17074,-12.342,15.2231,0,0,13.0527,1.13103,-2.23818,-89.415,0.626457,-12.4873,-11.2411,-2.61241e-015,0.43445,-19.4829,-15.3689,0.654364,-7.61499,-70.168,3.96485,0,0,-0.00918546,0,0,-0.00309571,0,0,0.0106704
2.65,124.675,216.065,37.8317,164.162,400.568,38.2153,2.64818,8.64913,4.5078,6.52738,-4.39705,-2.48724,16.1442,2.2231,-12.5712,15.747,0,0,13.1184,1.09852,-2.2676,-89.0583,0.649787,-12.7409,-10.9836,1.14614e-015,0.350823,-21.8994,-16.3028,0.592524,-5.43015,-71.8914,4.15914,0,0,-0.00212295,0,0,-0.00161715,0,0,0.0099982
2.66,123.443,216.51,38.7309,164.014,400.682,38.0907,1.73197,8.64921,4.76174,6.46181,-4.34286,-2.72344,16.6749,2.26601,-12.7587,16.2516,0,0,13.2005,1.08868,-2.32126,-88.6522,0.670141,-13.0357,-10.6542,2.28919e-015,0.141464,-25.4736,-15.1477,0.406852,-2.15745,-70.2868,4.10254,0,0,0.00534101,0,0,0.000117162,0,0,0.00906259
2.67,122.068,217.049,39.8584,163.85,400.801,37.9792,0.859104,8.66408,4.92965,6.45087,-4.28418,-2.92747,17.1708,2.30078,-12.9105,16.7238,0,0,13.2985,1.09688,-2.403,-88.1795,0.685777,-13.3663,-10.2424,5.7512e-016,-0.193922,-30.0376,-11.2699,0.0965503,1.67216,-63.7144,3.71663,0,0,0.011476,0,0,0.00249301,0,0,0.00783402
2.68,120.607,217.676,41.3089,163.673,400.922,37.8869,0.0294491,8.68726,5.01283,6.50186,-4.22492,-3.08024,17.6141,2.32868,-13.0321,17.1462,0,0,13.411,1.1176,-2.51477,-87.6183,0.695348,-13.7178,-9.74369,-1.66636e-015,-0.63351,-35.0794,-4.46961,-0.318084,4.99976,-51.1686,2.95011,0,0,0.0143373,0,0,0.00608721,0,0,0.00633702
2.69,119.158,218.376,43.1878,163.497,401.047,37.8191,-0.757228,8.70999,5.01449,6.62397,-4.17071,-3.16067,17.9855,2.35063,-13.1277,17.5,0,0,13.5353,1.14435,-2.65611,-86.944,0.698255,-14.0666,-9.17776,-2.12605e-015,-1.12947,-40.1913,4.78755,-0.791555,6.90719,-32.9246,1.8382,0,0,0.0132897,0,0,0.0116519,0,0,0.00466463
2.7,117.85,219.136,45.595,163.338,401.181,37.7783,-1.50045,8.72125,4.94013,6.82838,-4.12785,-3.14694,18.2658,2.36718,-13.1997,17.7669,0,0,13.668,1.16988,-2.82423,-86.1321,0.69513,-14.3812,-8.57145,-1.88799e-015,-1.62188,-45.1227,15.2379,-1.2669,6.59759,-11.0262,0.510792,0,0,0.00911107,0,0,0.0200299,0,0,0.00293554
2.71,116.82,219.952,48.6116,163.217,401.337,37.7634,-2.19798,8.70796,4.79731,7.12848,-4.10173,-3.01724,18.4388,2.37898,-13.2511,17.9309,0,0,13.8052,1.18637,-3.01384,-85.1603,0.688211,-14.6258,-7.93711,-2.13425e-015,-2.03745,-49.5645,25.1057,-1.67492,3.02261,11.0967,-0.838391,0,0,0.00306973,0,0,0.0317481,0,0,0.00124828
2.72,116.19,220.835,52.2943,163.156,401.534,37.7693,-2.84495,8.65569,4.59575,7.54009,-4.0952,-2.75121,18.4924,2.38768,-13.2889,17.98,0,0,13.9432,1.18556,-3.21752,-84.0092,0.681125,-14.7661,-7.25647,2.65961e-015,-2.30166,-53.2058,32.505,-1.94602,-4.89439,29.4051,-1.97665,0,0,-0.00367726,0,0,0.0466159,0,0,-0.0003396
2.73,116.051,221.824,56.6778,163.172,401.795,37.786,-3.43333,8.54981,4.34711,8.08145,-4.10761,-2.3311,18.4184,2.39668,-13.328,17.9052,0,0,14.0783,1.15916,-3.42602,-82.6626,0.678092,-14.7758,-6.47065,1.83874e-015,-2.36468,-55.5252,35.9013,-2.03464,-18.521,40.3096,-2.69655,0,0,-0.0112188,0,0,0.0633695,0,0,-0.00178239
2.74,116.445,222.986,61.782,163.281,402.139,37.7972,-3.95174,8.377,4.06476,8.77295,-4.13458,-1.74364,18.21,2.41168,-13.3932,17.6981,0,0,14.2072,1.09913,-3.62895,-81.1048,0.682555,-14.6408,-5.50586,-2.62678e-015,-2.22484,-55.8274,34.4492,-1.94021,-39.3778,41.5396,-2.85428,0,0,-0.020657,0,0,0.0796935,0,0,-0.00297624
2.75,117.358,224.426,67.6201,163.488,402.584,37.7796,-4.38547,8.12625,3.76267,9.63688,-4.16807,-0.982529,17.858,2.44034,-13.5176,17.3473,0,0,14.3266,0.997935,-3.81537,-79.3184,0.695571,-14.3627,-4.3088,2.03575e-015,-1.96097,-53.218,28.0656,-1.73683,-69.0794,32.4151,-2.40526,0,0,-0.0327919,0,0,0.0923245,0,0,-0.00371526
2.76,118.719,226.3,74.2042,163.787,403.14,37.7046,-4.71666,7.78968,3.45425,10.6968,-4.19653,-0.0517158,17.3451,2.49109,-13.7376,16.8339,0,0,14.4336,0.848935,-3.97438,-77.2796,0.714328,-13.9576,-2.87583,-1.31339e-016,-1.73117,-46.775,17.3758,-1.57212,-108.889,13.7564,-1.39343,0,0,-0.0457198,0,0,0.0972831,0,0,-0.00372702
2.77,120.397,228.82,81.5472,164.159,403.814,37.5423,-4.92484,7.36264,3.15099,11.9769,-4.2053,1.03139,16.6408,2.57115,-14.0838,16.1267,0,0,14.525,0.646594,-4.09593,-74.9551,0.73075,-13.4527,-1.33012,-9.19371e-016,-1.70795,-36.2365,3.68254,-1.60468,-158.297,-12.1431,0.129272,0,0,-0.0523072,0,0,0.0911425,0,0,-0.00285779
2.78,122.225,232.256,89.6622,164.567,404.608,37.2709,-4.98808,6.84335,2.86062,13.4998,-4.17754,2.23677,15.6984,2.68485,-14.5737,15.181,0,0,14.5977,0.386662,-4.17122,-72.3006,0.730358,-12.8801,0.035868,-6.56694e-016,-2.01539,-22.2854,-11.0913,-1.94534,-214.393,-41.5086,2.10563,0,0,-0.0404731,0,0,0.0722924,0,0,-0.00138569
2.79,124.019,236.923,98.5608,164.963,405.529,36.8909,-4.88461,6.23233,2.58661,15.2854,-4.09595,3.52577,14.4568,2.8325,-15.2064,13.9402,0,0,14.6485,0.0663842,-4.19334,-69.2641,0.691441,-12.2698,0.736392,2.10142e-015,-2.6624,-7.17099,-24.7365,-2.59649,-270.811,-69.5896,4.49235,0,0,0.00281993,0,0,0.0439999,0,0,-0.000511937
2.8,125.608,243.158,108.252,165.29,406.601,36.4404,-4.59512,5.53166,2.32846,17.3489,-3.94508,4.86198,12.8467,3.01056,-15.9643,12.3432,0,0,14.6737,-0.315139,-4.15782,-65.7925,0.585355,-11.641,0.10771,2.10142e-015,-3.46944,5.6855,-35.1211,-3.39013,-318.847,-91.5883,7.17396,0,0,0.0838197,0,0,0.0156968,0,0,-0.00303613
2.81,126.868,251.276,118.74,165.498,407.882,36.013,-4.10528,4.74449,2.08257,19.6992,-3.71457,6.22561,10.8063,3.21332,-16.8203,10.3388,0,0,14.6698,-0.756712,-4.06333,-61.8452,0.377534,-10.9978,-2.54267,5.25355e-016,-4.08539,13.167,-40.7162,-4.02133,-350.785,-104.281,9.81796,0,0,0.195776,0,0,-0.000458801,0,0,-0.013685
2.82,127.748,261.53,130.018,165.556,409.478,35.7709,-3.40754,3.87597,1.8437,22.3387,-3.40317,7.62394,8.30301,3.43503,-17.7472,7.90528,0,0,14.6332,-1.25442,-3.91223,-57.4136,0.0290366,-10.3289,-7.70684,1.05071e-015,-4.0808,14.4739,-40.9339,-4.15984,-364.073,-107.377,11.8201,0,0,0.321428,0,0,0.00106417,0,0,-0.0380743
2.83,128.288,274.072,142.06,165.463,411.566,35.9434,-2.50228,2.93509,1.60578,25.262,-3.02253,9.09191,5.35739,3.67137,-18.7246,5.07307,0,0,14.5615,-1.80123,-3.71085,-52.543,-0.500539,-9.61524,-15.434,-3.15213e-015,-3.09421,12.6657,-35.9185,-3.60263,-364.203,-103.537,12.4108,0,0,0.446242,0,0,0.00693099,0,0,-0.0795311
2.84,128.611,288.935,154.811,165.251,414.411,36.8046,-1.39731,1.93748,1.36157,28.4538,-2.60023,10.6792,2.05893,3.91926,-19.7373,1.93793,0,0,14.4529,-2.38631,-3.46951,-47.347,-1.24672,-8.84016,-25.2632,1.57607e-015,-0.948412,12.9753,-26.3712,-2.36621,-361.274,-97.1837,11.1006,0,0,0.568178,0,0,-0.0121451,0,0,-0.1353
2.85,128.897,306.034,168.162,164.974,418.379,38.6286,-0.106077,0.907702,1.10171,31.888,-2.18074,12.4335,-1.43399,4.17599,-20.7725,-1.34075,0,0,14.3081,-2.99484,-3.202,-42.0064,-2.22954,-7.99758,-36.2145,-1.83874e-015,2.22496,20.9987,-13.4368,-0.739963,-365.737,-93.2029,8.12311,0,0,0.698368,0,0,-0.091359,0,0,-0.194346
2.86,129.318,325.191,181.92,164.691,423.927,41.6278,1.35491,-0.119998,0.813265,35.5259,-1.82299,14.3842,-4.91271,4.43896,-21.8179,-4.56003,0,0,14.1291,-3.60795,-2.92462,-36.7502,-3.44114,-7.09692,-46.9846,2.62678e-015,5.97509,39.8606,1.42972,0.806521,-382.362,-95.4303,4.59643,0,0,0.848679,0,0,-0.250849,0,0,-0.239681
2.87,129.983,346.156,195.791,164.443,431.57,45.8916,2.96861,-1.10322,0.478873,39.3161,-1.59383,16.5313,-8.1503,4.70669,-22.8664,-7.50595,0,0,13.9202,-4.20339,-2.65476,-31.8234,-4.83733,-6.16324,-56.299,-3.15213e-015,9.69664,67.794,16.6266,1.85851,-406.228,-105.025,2.05997,0,0,1.01529,0,0,-0.475053,0,0,-0.254989
2.88,130.9,368.634,209.383,164.24,441.832,51.3498,4.71922,-1.99479,0.0773494,43.1951,-1.55916,18.8461,-10.9341,4.98103,-23.9238,-9.98462,0,0,13.6873,-4.75665,-2.4092,-27.4566,-6.33978,-5.23152,-63.0781,-5.25355e-016,12.8248,99.7987,31.0095,2.24775,-427.093,-119.759,1.54447,0,0,1.18068,0,0,-0.721853,0,0,-0.231385
2.89,131.978,392.305,222.24,164.059,455.166,57.7727,6.59258,-2.74774,-0.413897,47.0903,-1.77394,21.2796,-13.0915,5.2689,-25.0145,-11.8448,0,0,13.4376,-5.24286,-2.20244,-23.8426,-7.849,-4.33917,-66.4942,-3.15213e-015,14.9374,130.953,44.37,2.06709,-436.519,-135.017,3.02219,0,0,1.3262,0,0,-0.947933,0,0,-0.171932
2.9,133.069,416.861,233.912,163.857,471.881,64.7996,8.57547,-3.32015,-1.01577,50.9222,-2.27371,23.7679,-14.5132,5.58066,-26.1736,-12.9973,0,0,13.1789,-5.63877,-2.04504,-21.1169,-9.26243,-3.51923,-66.1554,1.31339e-015,15.8215,157.746,57.1137,1.56782,-430.449,-145.713,5.57905,0,0,1.43493,0,0,-1.12072,0,0,-0.0921282
2.91,134.023,442.048,244.017,163.587,492.084,71.9813,10.6542,-3.67989,-1.74241,54.6075,-3.0675,26.2373,-15.1699,5.92544,-27.4283,-13.4305,0,0,12.92,-5.92503,-1.94269,-19.3431,-10.4917,-2.79429,-62.2232,-2.10142e-015,15.5137,177.648,69.5036,1.03992,-407.574,-147.894,7.91164,0,0,1.48512,0,0,-1.2165,0,0,-0.0139169
2.92,134.725,467.703,252.284,163.209,515.662,78.8369,12.8126,-3.80788,-2.59645,58.0628,-4.13441,28.6109,-15.1152,6.30607,-28.7802,-13.2117,0,0,12.6698,-6.0878,-1.89572,-18.5072,-11.4755,-2.17346,-55.4245,-1.31339e-016,14.2434,188.563,80.8501,0.677746,-367.246,-139.817,8.96102,0,0,1.44791,0,0,-1.2184,0,0,0.0441565
2.93,135.12,493.741,258.551,162.7,542.31,84.9234,15.0302,-3.70031,-3.56486,61.2108,-5.42345,30.8186,-14.4675,6.71704,-30.2004,-12.4696,0,0,12.437,-6.12018,-1.89937,-18.5297,-12.1861,-1.65314,-46.9283,-2.75811e-015,12.3688,189.132,89.554,0.540493,-310.007,-121.951,8.29505,0,0,1.30087,0,0,-1.12287,0,0,0.0744617
2.94,135.213,520.133,262.754,162.061,571.606,89.9008,17.2812,-3.36902,-4.61748,63.988,-6.85821,32.8089,-13.3764,7.14612,-31.6393,-11.3594,0,0,12.2295,-6.02255,-1.94467,-19.2913,-12.6276,-1.22065,-38.0641,-1.11638e-015,10.3267,179.908,94.339,0.62243,-240.491,-96.3633,6.02342,0,0,1.05107,0,0,-0.949433,0,0,0.0808913
2.95,135.06,546.87,264.895,161.306,603.097,93.5681,19.5358,-2.84039,-5.70953,66.3496,-8.34634,34.5547,-11.989,7.57761,-33.0413,-10.028,0,0,12.0534,-5.80227,-2.01962,-20.6616,-12.8257,-0.85942,-30.0096,2.39693e-015,8.55697,163.637,95.2317,0.929183,-168.165,-66.2921,2.5502,0,0,0.743384,0,0,-0.736459,0,0,0.0734789
2.96,134.755,573.949,265.018,160.469,636.373,95.8641,21.7624,-2.15258,-6.78754,68.2695,-9.79208,36.0507,-10.4277,7.99534,-34.3561,-8.59325,0,0,11.9123,-5.47276,-2.11073,-22.5208,-12.8156,-0.554372,-23.5169,-1.31339e-016,7.38889,143.839,93.1648,1.49555,-103.7,-35.6946,-1.56609,0,0,0.441139,0,0,-0.522823,0,0,0.0618445
2.97,134.403,601.373,263.194,159.598,671.103,96.8443,23.931,-1.35129,-7.79882,69.7387,-11.1101,37.3064,-8.78082,8.3848,-35.5446,-7.13512,0,0,11.807,-5.05184,-2.20449,-24.771,-12.6312,-0.297054,-18.8363,-5.25355e-016,6.97501,123.236,89.0299,2.36105,-54.4725,-8.36271,-5.70344,0,0,0.196563,0,0,-0.3344,0,0,0.0517269
2.98,134.098,629.169,259.504,158.754,707.051,96.6455,26.0165,-0.484761,-8.69946,70.7619,-12.2352,38.3382,-7.10321,8.73521,-36.5836,-5.69858,0,0,11.7348,-4.5599,-2.28848,-27.3397,-12.3007,-0.0892307,-15.8323,5.25355e-016,7.2893,103.555,83.3915,3.5286,-23.1731,12.8275,-9.25576,0,0,0.0355501,0,0,-0.183395,0,0,0.0450339
2.99,133.895,657.391,254.036,158.013,744.052,95.4519,28.0002,0.401511,-9.45967,71.3548,-13.1274,39.1619,-5.42163,9.04067,-37.4664,-4.30082,0,0,11.6907,-4.01788,-2.35247,-30.1772,-11.8452,0.0556257,-14.158,-0,8.14246,85.8797,76.4955,4.91342,-8.38046,26.2192,-11.6242,0,0,-0.0425639,0,0,-0.0719279,0,0,0.0413864
3,133.801,686.127,246.884,157.459,781.998,93.4652,29.8702,1.26878,-10.0656,71.5408,-13.772,39.7872,-3.74426,9.29983,-38.1987,-2.94171,0,0,11.6675,-3.44581,-2.38882,-33.2509,-11.2813,0.11408,-13.3973,-0,9.24182,70.8706,68.4819,6.34626,-6.12806,31.6099,-12.3531,0,0,-0.0565771,0,0,0.00448075,0,0,0.0396074
3.01,133.783,715.496,238.156,157.177,820.813,90.885,31.6204,2.0881,-10.5175,71.3475,-14.175,40.2136,-2.07115,9.51425,-38.7932,-1.61415,0,0,11.6576,-2.86134,-2.39296,-36.5383,-10.624,0.0566328,-13.1953,2.62678e-015,10.2679,58.7246,59.5518,7.60728,-11.728,30.2898,-11.3289,0,0,-0.0323353,0,0,0.0537243,0,0,0.038611
3.02,133.784,745.627,227.978,157.238,860.428,87.8953,33.2491,2.84073,-10.8266,70.8027,-14.3572,40.4317,-0.402364,9.68655,-39.2636,-0.311546,0,0,11.6536,-2.27914,-2.36304,-40.0212,-9.89034,-0.146492,-13.2868,1.57607e-015,10.9361,49.2455,50.1087,8.47795,-21.0448,24.6629,-8.86446,0,0,0.0062819,0,0,0.0839992,0,0,0.0376153
3.03,133.75,776.65,216.494,157.692,900.774,84.6583,34.7576,3.51702,-11.0118,69.9329,-14.3492,40.4266,1.25631,9.81825,-39.6188,0.967717,0,0,11.6494,-1.71069,-2.2998,-43.6813,-9.10066,-0.518722,-13.5131,-0,11.0312,42.2622,40.7713,8.77577,-31.2077,17.2364,-5.47718,0,0,0.0432766,0,0,0.102225,0,0,0.0361538
3.04,133.647,808.678,203.876,158.557,941.775,81.3119,36.149,4.11409,-11.0953,68.7607,-14.185,40.1816,2.89038,9.90781,-39.8582,2.21837,0,0,11.6408,-1.16435,-2.20595,-47.4984,-8.27851,-1.07143,-13.8102,-1.05071e-015,10.4633,37.377,32.0705,8.41875,-40.2031,10.0371,-1.77485,0,0,0.0700144,0,0,0.113233,0,0,0.0340933
3.05,133.473,841.797,190.315,159.817,983.347,77.9716,37.4262,4.6334,-11.1006,67.304,-13.8989,39.6802,4.4771,9.94884,-39.9673,3.42987,0,0,11.6259,-0.645764,-2.08544,-51.4503,-7.44853,-1.80011,-14.1886,-3.15213e-015,9.28291,33.885,24.2728,7.45272,-46.5705,4.29735,1.66389,0,0,0.0834442,0,0,0.119208,0,0,0.0316563
3.06,133.26,876.06,176.025,161.42,1025.4,74.736,38.5913,5.07917,-11.0501,65.5761,-13.5234,38.9059,5.98765,9.92931,-39.9154,4.58904,0,0,11.605,-0.158246,-1.94257,-55.5137,-6.63466,-2.68288,-14.7202,2.10142e-015,7.66906,31.1178,17.5875,6.0476,-49.8638,0.487947,4.35481,0,0,0.0850413,0,0,0.120854,0,0,0.0294161
3.07,133.067,911.487,161.239,163.292,1067.85,71.6978,39.6438,5.45685,-10.9639,63.5856,-13.0886,37.841,7.39014,9.83217,-39.6561,5.68314,0,0,11.5804,0.296517,-1.78136,-59.6661,-5.85906,-3.68334,-15.5007,2.62678e-015,5.83368,28.7221,12.1121,4.41076,-50.5416,-1.49491,6.09167,0,0,0.0785264,0,0,0.118804,0,0,0.0281153
3.08,132.968,948.069,146.197,165.35,1110.61,68.9555,40.5805,5.77217,-10.86,61.3369,-12.6222,36.4655,8.65129,9.63774,-39.131,6.70064,0,0,11.5555,0.718019,-1.60467,-63.8863,-5.14302,-4.7551,-16.6331,-9.19371e-016,3.99488,26.5234,7.90281,2.76086,-49.6092,-1.71875,6.81955,0,0,0.0676349,0,0,0.11407,0,0,0.0284645
3.09,133.04,985.769,131.148,167.513,1153.59,66.6227,41.395,6.03,-10.7537,58.8301,-12.1485,34.7595,9.73989,9.3275,-38.276,7.63196,0,0,11.5343,1.10637,-1.41386,-68.1543,-4.50707,-5.84717,-18.2121,7.96241e-016,2.33293,24.567,5.05152,1.28262,-48.3754,-0.109588,6.57038,0,0,0.0553795,0,0,0.108593,0,0,0.0308944
3.1,133.358,1024.52,116.344,169.707,1196.69,64.8356,42.0781,6.23337,-10.6597,56.0623,-11.6878,32.7054,10.6333,8.88825,-37.0285,8.47115,0,0,11.5209,1.46204,-1.20829,-72.4538,-3.96884,-6.91026,-20.2945,-2.62678e-015,0.956523,22.7342,3.67679,0.0915039,-47.6379,3.62702,5.28613,0,0,0.0431004,0,0,0.103748,0,0,0.035387
3.11,133.983,1064.24,102.029,171.874,1239.77,63.7557,42.6183,6.38275,-10.59,53.0285,-11.2536,30.2936,11.3255,8.31614,-35.3376,9.21853,0,0,11.5184,1.78555,-0.98557,-76.7748,-3.53976,-7.90206,-22.8204,2.23276e-015,-0.127209,20.4591,4.09094,-0.797041,-47.2774,10.0319,2.63739,0,0,0.0308467,0,0,0.0984211,0,0,0.0414522
3.12,134.961,1104.79,88.4373,173.971,1282.7,63.562,43.0029,6.47591,-10.554,49.7236,-10.8511,27.5271,11.8301,7.61787,-33.1699,9.88109,0,0,11.5285,2.07753,-0.741832,-81.1138,-3.22323,-8.78865,-25.5649,4.7282e-015,-0.990849,16.0536,6.66864,-1.45083,-44.9331,20.0054,-1.88006,0,0,0.0179302,0,0,0.0837062,0,0,0.0482476
3.13,136.325,1146.01,75.7907,175.961,1325.31,64.433,43.2197,6.50854,-10.5574,46.1459,-10.4757,24.4284,12.1775,6.81,-30.5159,10.4702,0,0,11.5516,2.33888,-0.472196,-85.4702,-3.01549,-9.54159,-28.1562,-1.21488e-015,-1.74796,6.30122,11.5783,-1.98776,-35.0765,34.3861,-8.4027,0,0,0.00620031,0,0,0.0367011,0,0,0.0547298
3.14,138.089,1187.68,64.2971,177.814,1367.36,66.5174,43.2581,6.47557,-10.5993,42.3014,-10.1135,21.0484,12.4068,5.91736,-27.3993,10.9965,0,0,11.5861,2.57092,-0.171761,-89.8387,-2.90774,-10.1328,-30.1102,5.45877e-016,-2.50542,-13.0775,18.5602,-2.52989,-9.88155,52.872,-15.942,0,0,0.00500524,0,0,-0.0809799,0,0,0.0597071
3.15,140.243,1229.51,54.1438,179.496,1408.61,69.8996,43.1113,6.37318,-10.6715,38.2102,-9.74362,17.4721,12.5549,4.97045,-23.8833,11.4645,0,0,11.6294,2.77577,0.163688,-94.1994,-2.88687,-10.531,-30.9447,-5.84458e-015,-3.32116,-46.5162,26.6442,-3.15868,38.7552,72.7494,-21.9686,0,0,0.0329462,0,0,-0.317301,0,0,0.0620537
3.16,142.748,1271.13,45.4822,180.966,1448.74,74.5705,42.7782,6.20073,-10.7588,33.9117,-9.34314,13.8182,12.6497,4.00295,-20.0763,11.8695,0,0,11.6777,2.95642,0.536812,-98.5111,-2.93346,-10.7036,-30.302,1.83874e-015,-4.19705,-97.2907,34.2222,-3.89884,116.045,88.3556,-23.07,0,0,0.1121,0,0,-0.711711,0,0,0.0611914
3.17,145.534,1312.07,38.4026,182.169,1487.4,80.4074,42.2659,5.96273,-10.8394,29.4701,-8.8929,10.2295,12.7082,3.04908,-16.1275,12.2002,0,0,11.7265,3.11699,0.947952,-102.71,-3.01944,-10.6231,-28.0008,-2.10142e-015,-5.06545,-165.898,39.8157,-4.69513,220.542,92.6333,-16.7886,0,0,0.254201,0,0,-1.26551,0,0,0.0572977
3.18,148.505,1351.79,32.9059,183.041,1524.22,87.1636,41.5915,5.67016,-10.8891,24.9766,-8.38524,6.85292,12.7375,2.14107,-12.212,12.4446,0,0,11.7714,3.26265,1.39487,-106.716,-3.10973,-10.2755,-24.1138,2.62678e-015,-5.81323,-249.23,42.6813,-5.43121,343.048,80.0522,-3.28379,0,0,0.447429,0,0,-1.91924,0,0,0.0512759
3.19,151.557,1389.68,28.8796,183.507,1558.81,94.4713,40.7833,5.34071,-10.8838,20.5483,-7.83017,3.81775,12.7396,1.30669,-8.50535,12.5972,0,0,11.8085,3.39932,1.87231,-110.439,-3.16867,-9.66473,-18.9402,1.83874e-015,-6.33389,-340.666,42.9789,-5.98477,468.723,49.3806,14.4318,0,0,0.655473,0,0,-2.55275,0,0,0.0442919
3.2,154.585,1425.09,26.0921,183.498,1590.78,101.858,39.8806,4.99803,-10.806,16.3239,-7.25832,1.2188,12.7179,0.567145,-5.15646,12.6656,0,0,11.8344,3.53359,2.37233,-113.789,-3.16896,-8.81155,-12.9242,2.3641e-015,-6.52386,-431.294,41.6269,-6.23385,581.595,5.1048,31.9647,0,0,0.83206,0,0,-3.01617,0,0,0.0369477
3.21,157.503,1457.4,24.2104,182.959,1619.78,108.778,38.9322,4.66949,-10.6469,12.4562,-6.7167,-0.889843,12.682,-0.0643065,-2.26723,12.6719,0,0,11.8472,3.67227,2.88474,-116.686,-3.09888,-7.74762,-6.50003,-2.62678e-015,-6.29815,-510.858,39.679,-6.08086,667.525,-43.9631,45.6637,0,0,0.937887,0,0,-3.17449,0,0,0.0292235
3.22,160.244,1486.05,22.8493,181.873,1645.53,114.656,37.9925,4.38309,-10.4092,9.0997,-6.25817,-2.49055,12.6479,-0.58236,0.112661,12.6479,0,0,11.846,3.82208,3.398,-119.058,-2.96388,-6.51014,0.0211063,1.57607e-015,-5.62362,-568.833,37.4833,-5.4871,715.514,-87.9483,53.9458,0,0,0.950627,0,0,-2.95448,0,0,0.021158
3.23,162.763,1510.64,21.6421,180.267,1667.88,118.938,37.115,4.16397,-10.1038,6.39322,-5.9269,-3.59683,12.6282,-0.988496,1.97856,12.6206,0,0,11.831,3.98931,3.90009,-120.845,-2.78142,-5.14084,6.44895,-1.83874e-015,-4.53402,-595.185,34.4935,-4.48416,717.257,-118.708,57.0701,0,0,0.867662,0,0,-2.378,0,0,0.0134921
3.24,165.039,1530.93,20.321,178.22,1686.81,121.152,36.3452,4.03113,-9.74511,4.43816,-5.74575,-4.24932,12.6169,-1.2889,3.35617,12.5949,0,0,11.8035,4.17954,4.37966,-121.994,-2.57186,-3.68785,12.5679,-5.25355e-016,-3.16081,-582.659,29.7786,-3.19982,669.125,-131.504,56.0865,0,0,0.70873,0,0,-1.57577,0,0,0.00805346
3.25,167.069,1546.93,18.7824,175.848,1702.47,120.966,35.7128,3.99527,-9.34245,3.27617,-5.71009,-4.51688,12.5727,-1.49359,4.29268,12.5368,0,0,11.7654,4.39751,4.82697,-122.46,-2.35013,-2.20329,17.8963,1.31339e-016,-1.66321,-529.521,23.277,-1.78728,574.762,-125.105,51.8988,0,0,0.513079,0,0,-0.755144,0,0,0.00742584
3.26,168.872,1558.94,17.1157,173.282,1715.24,118.239,35.2253,4.05816,-8.89337,2.87492,-5.79012,-4.49321,12.4079,-1.61624,4.85273,12.3627,0,0,11.7184,4.64705,5.23459,-122.202,-2.12263,-0.733903,21.6541,-5.5819e-016,-0.159088,-440.698,16.1992,-0.358433,444.716,-101.734,44.9606,0,0,0.323763,0,0,-0.118898,0,0,0.013842
3.27,170.477,1567.5,15.5752,170.642,1725.62,113.052,34.8672,4.21351,-8.38121,3.12683,-5.93777,-4.28911,11.9918,-1.67373,5.11491,11.9433,0,0,11.6644,4.93111,5.59785,-121.186,-1.89175,0.686545,22.8032,-2.62678e-016,1.30625,-328.931,10.6769,1.04862,297.41,-66.3848,35.7665,0,0,0.171546,0,0,0.220917,0,0,0.0265966
3.28,171.919,1573.38,14.4928,168.028,1734.24,105.7,34.603,4.44885,-7.78035,3.86576,-6.09569,-4.01358,11.1782,-1.6834,5.15899,11.1323,0,0,11.6039,5.25177,5.91525,-119.402,-1.66501,2.03851,20.2229,2.62678e-016,2.79459,-214.288,9.12776,2.51139,159.799,-25.1163,25.6042,0,0,0.0661592,0,0,0.287655,0,0,0.0388091
3.29,173.229,1577.39,14.1554,165.522,1741.68,96.6535,34.386,4.74846,-7.06654,4.90028,-6.20802,-3.74695,9.85275,-1.65794,5.04294,9.81426,0,0,11.5366,5.6105,6.18832,-116.881,-1.46344,3.31116,13.1534,1.57607e-015,4.40234,-119.402,12.8178,4.16033,61.6077,15.3391,16.6223,0,0,0.000573459,0,0,0.206492,0,0,0.0375063
3.3,174.439,1580.31,14.695,163.197,1748.42,86.4977,34.169,5.09692,-6.22893,6.0545,-6.23166,-3.51132,7.98871,-1.5989,4.77358,7.9608,0,0,11.4605,6.00838,6.42159,-113.724,-1.32518,4.49292,1.80922,3.15213e-015,6.17491,-60.7981,20.463,6.08553,21.636,46.8328,10.94,0,0,-0.0333548,0,0,0.110466,0,0,0.0114032
3.31,175.576,1582.72,16.0461,161.136,1754.67,75.8537,33.9135,5.48231,-5.27959,7.20336,-6.14453,-3.25812,5.6885,-1.49327,4.29119,5.67247,0,0,11.3722,6.44615,6.6224,-110.115,-1.30375,5.56141,-12.3295,3.67749e-015,8.07705,-38.9157,28.0673,8.26441,30.9883,60.2558,9.21095,0,0,-0.0373381,0,0,0.0603962,0,0,-0.0367583
3.32,176.642,1584.93,17.9891,159.432,1760.49,65.3245,33.5961,5.89944,-4.2576,8.2867,-5.94817,-2.88969,3.18329,-1.31786,3.48879,3.17737,0,0,11.2671,6.9244,6.80008,-106.313,-1.45834,6.47739,-27.0525,2.62678e-015,9.89741,-37.4873,30.5988,10.4101,54.5358,48.7196,10.1114,0,0,-0.016151,0,0,0.0442258,0,0,-0.0868031
3.33,177.602,1587.11,20.2346,158.173,1765.81,55.4716,33.2106,6.35147,-3.2255,9.29664,-5.66515,-2.31102,0.779041,-1.05204,2.27019,0.778429,0,0,11.1398,7.44342,6.9652,-102.62,-1.83014,7.19238,-40.118,1.83874e-015,11.1295,-39.6632,24.7401,11.8416,63.0604,11.4782,11.8519,0,0,0.0202481,0,0,0.0382091,0,0,-0.112686
3.34,178.382,1589.25,22.4951,157.39,1770.55,46.7954,32.7636,6.84967,-2.25821,10.2541,-5.3326,-1.47411,-1.22446,-0.690021,0.607475,-1.22437,0,0,10.9851,8.00315,7.12863,-99.3218,-2.41151,7.67109,-49.7876,2.62678e-016,11.3427,-41.187,11.5326,11.95,56.6065,-43.1348,13.6371,0,0,0.069396,0,0,0.0404134,0,0,-0.0993031
3.35,178.897,1591.27,24.5292,157.029,1774.61,39.6932,32.2684,7.41032,-1.42988,11.1926,-4.99413,-0.381971,-2.60087,-0.242739,-1.44801,-2.60006,0,0,10.7984,8.60323,7.3006,-96.6326,-3.13463,7.91167,-55.327,5.12221e-015,10.5902,-45.3431,-4.46102,10.7499,50.332,-100.672,15.2996,0,0,0.136029,0,0,0.0558626,0,0,-0.0504927
3.36,179.085,1593.05,26.163,156.96,1777.9,34.4195,31.7393,8.05015,-0.80155,12.1481,-4.69233,0.932048,-3.22424,0.269103,-3.79519,-3.21715,0,0,10.5764,9.24303,7.48989,-94.6636,-3.89105,7.94674,-57.131,8.60269e-015,9.39324,-52.3815,-18.4001,8.89752,50.3304,-147.846,16.5739,0,0,0.21529,0,0,0.0799599,0,0,0.0175625
3.37,178.919,1594.46,27.2942,157.032,1780.32,31.0836,31.1888,8.78262,-0.416104,13.1517,-4.46353,2.41949,-3.05629,0.822662,-6.31882,-3.03768,0,0,10.3172,9.92185,7.70348,-93.4339,-4.56192,7.82263,0,0,0,0,0,0,0,0,0,0,0,0,0,0,0,0,0,0
3.38,178.406,1595.43,27.8789,157.129,1781.83,29.6947,30.6271,9.6162,-0.29923,14.2226,-4.33541,4.02085,-2.11232,1.39805,-8.91538,-2.08677,0,0,10.0201,10.6391,7.9465,-92.9072,-5.03961,7.57091,0,0,0,0,0,0,0,0,0,0,0,0,0,0,0,0,0,0
3.39,177.558,1595.91,27.9064,157.197,1782.41,30.2234,30.0629,10.5544,-0.463971,15.368,-4.32657,5.67249,-0.42176,1.98046,-11.5057,-0.413268,0,0,9.68517,11.3944,8.2226,-93.0324,-5.23588,7.1955,0,0,0,0,0,0,0,0,0,0,0,0,0,0,0,0,0,0
3.4,176.385,1595.89,27.3766,157.215,1782.05,32.6476,29.5044,11.5967,-0.916452,16.5896,-4.44838,7.31893,2.00408,2.55928,-14.0326,1.94426,0,0,9.31337,12.1877,8.53433,-93.772,-5.08039,6.68116,0,0,0,0,0,0,0,0,0,0,0,0,0,0,0,0,0,0

