Frame number,159,,,,,,,,,,,,,,,,,,,,,,,,,,,,,,,,,,,,,,,,,
First frame,392,,,,,,,,,,,,,,,,,,,,,,,,,,,,,,,,,,,,,,,,,
Point frequency,100,,,,,,,,,,,,,,,,,,,,,,,,,,,,,,,,,,,,,,,,,
Analog frequency,200,,,,,,,,,,,,,,,,,,,,,,,,,,,,,,,,,,,,,,,,,
,,,,,,,,,,,,,,,,,,,,,,,,,,,,,,,,,,,,,,,,,,
Time,RHEE,,,RTOE,,,RHipAngles,,,RKneeAngles,,,RAnkleAngles,,,RAbsAnkleAngle,,,RPelvisAngles,,,RFootProgressAngles,,,RAnkleMoment,,,RKneeMoment,,,RHipMoment,,,RHipPower,,,RKneePower,,,RAnklePower,,
s,mm,mm,mm,mm,mm,mm,deg,deg,deg,deg,deg,deg,deg,deg,deg,deg,deg,deg,deg,deg,deg,deg,deg,deg,Nmm,Nmm,Nmm,Nmm,Nmm,Nmm,Nmm,Nmm,Nmm,W,W,W,W,W,W,W,W,W
,X,Y,Z,X,Y,Z,X,Y,Z,X,Y,Z,X,Y,Z,X,Y,Z,X,Y,Z,X,Y,Z,X,Y,Z,X,Y,Z,X,Y,Z,X,Y,Z,X,Y,Z,X,Y,Z
3.91,30.491,-530.293,209.556,62.7724,-403.645,78.2264,30.563,0.473945,-11.4847,67.9631,-14.1171,40.29,4.06123,9.83797,-39.6717,3.12492,0,0,10.3813,-5.45785,-4.80322,-44.2262,-3.45647,-3.91076,0,0,0,0,0,0,0,0,0,0,0,0,0,0,0,0,0,0
3.92,28.2911,-503.37,198.663,64.1148,-369.515,76.4985,32.0754,0.848817,-11.3584,67.3702,-13.7084,39.8129,5.67657,9.99216,-40.0821,4.34032,0,0,10.3589,-5.22747,-5.00374,-47.5041,-2.41089,-5.2438,0,0,0,0,0,0,0,0,0,0,0,0,0,0,0,0,0,0
3.93,26.5007,-475.571,187.611,65.9689,-335.208,74.7886,33.4718,1.21068,-11.2961,66.5628,-13.3358,39.2088,7.17519,10.0894,-40.3382,5.46318,0,0,10.3314,-4.99107,-5.18936,-50.7799,-1.46062,-6.63439,0,0,0,0,0,0,0,0,0,0,0,0,0,0,0,0,0,0
3.94,25.1298,-446.903,176.41,68.3191,-300.729,73.0989,34.7524,1.55751,-11.2977,65.5352,-12.9985,38.4704,8.53975,10.1243,-40.4297,6.4903,0,0,10.2988,-4.74875,-5.36,-54.0601,-0.619723,-8.07194,0,0,0,0,0,0,0,0,0,0,0,0,0,0,0,0,0,0
3.95,24.2006,-417.387,165.091,71.1342,-266.089,71.4352,35.9184,1.88755,-11.3641,64.2852,-12.6967,37.5943,9.75013,10.0905,-40.3412,7.41646,0,0,10.2615,-4.50086,-5.51556,-57.3474,0.0978351,-9.5363,-10.9787,5.25E-16,6.28325,-34.7404,26.1453,5.50663,-26.3273,66.7198,-34.3247,0,0,-0.019836,0,0,-0.0375512,0,0,0.0160475
3.96,23.7461,-387.058,153.709,74.3735,-231.313,69.8084,36.9711,2.19934,-11.4964,62.8145,-12.4322,36.5823,10.7826,9.98211,-40.0555,8.23289,0,0,10.2199,-4.24802,-5.65592,-60.6375,0.677622,-10.9993,-11.1537,1.05E-15,5.14954,-33.0602,27.9649,4.51276,-36.831,65.1802,-34.5165,0,0,-0.00596942,0,0,-0.0363083,0,0,0.0131018
3.97,23.8042,-355.971,142.342,77.9911,-196.439,68.2382,37.9124,2.49155,-11.6948,61.1281,-12.2063,35.4407,11.612,9.79499,-39.5564,8.92771,0,0,10.1749,-3.99143,-5.78086,-63.9193,1.10635,-12.4283,-11.4685,6.57E-16,4.02378,-31.976,29.5826,3.50924,-45.8607,63.7204,-34.7781,0,0,0.00173741,0,0,-0.036759,0,0,0.0107781
3.98,24.4103,-324.194,131.09,81.9391,-161.513,66.7601,38.7433,2.76299,-11.9571,59.233,-12.0182,34.1781,12.2183,9.52791,-38.8308,9.4894,0,0,10.1276,-3.73285,-5.89005,-67.1783,1.37631,-13.7917,-12.1303,-1.44E-15,3.01041,-30.9326,30.8644,2.59283,-52.9003,61.6668,-34.6951,0,0,0.00440423,0,0,-0.0381924,0,0,0.00923208
3.99,25.5912,-291.807,120.059,86.1689,-126.586,65.4336,39.4642,3.01263,-12.2768,57.137,-11.8622,32.8031,12.5957,9.18284,-37.8699,9.91258,0,0,10.0794,-3.4747,-5.98298,-70.4033,1.48998,-15.0631,-13.3093,1.31E-15,2.21965,-29.9301,31.8175,1.87186,-57.1,59.2156,-34.2065,0,0,0.0023882,0,0,-0.0408233,0,0,0.00829934
4,27.3624,-258.899,109.359,90.6358,-91.7048,64.3467,40.0739,3.23943,-12.6414,54.8474,-11.7268,31.3223,12.7579,8.76495,-36.6705,10.2024,0,0,10.032,-3.21999,-6.05892,-73.5918,1.46117,-16.2241,-15.0078,-2.23E-15,1.71896,-28.9726,32.7713,1.4172,-58.2799,56.9578,-33.5024,0,0,-0.00309789,0,0,-0.044398,0,0,0.00751766
4.01,29.7297,-225.563,99.089,95.3037,-56.9164,63.6147,40.5699,3.4425,-13.0325,52.3705,-11.5944,29.7385,12.7373,8.28217,-35.2349,10.3749,0,0,9.98695,-2.9719,-6.11676,-76.7516,1.31182,-17.2656,-17.0643,9.69E-16,1.48497,-28.3053,34.0557,1.21092,-56.1102,55.6484,-32.8717,0,0,-0.0108705,0,0,-0.0496801,0,0,0.00650568
4.02,32.6933,-191.894,89.3372,100.146,-22.2776,63.3682,40.9481,3.62087,-13.4255,49.7109,-11.4432,28.0492,12.578,7.74409,-33.5703,10.454,0,0,9.94591,-2.73358,-6.15496,-79.8998,1.06639,-18.1852,-19.2128,1.23E-15,1.43822,-28.6565,35.9538,1.17992,-50.354,56.2216,-32.6593,0,0,-0.0193172,0,0,-0.0599619,0,0,0.00515993
4.03,36.2528,-157.998,80.1819,105.146,12.1395,63.7356,41.2039,3.77373,-13.792,46.8729,-11.2493,26.247,12.3264,7.16079,-31.6877,10.4663,0,0,9.91006,-2.50768,-6.17144,-83.0568,0.746454,-18.9827,-21.1412,3.76E-15,1.45494,-31.2607,38.5883,1.20833,-40.296,59.6696,-33.0759,0,0,-0.0262049,0,0,-0.0823426,0,0,0.00367172
4.04,40.4099,-123.994,71.6945,110.289,46.2422,64.8228,41.3322,3.90037,-14.1018,43.8622,-10.9918,24.3214,12.0223,6.54203,-29.6006,10.4343,0,0,9.88009,-2.29607,-6.16368,-86.2394,0.36756,-19.6552,-22.5646,1.96E-15,1.4172,-37.7529,41.7961,1.18574,-24.6007,66.5849,-33.9632,0,0,-0.0278639,0,0,-0.128109,0,0,0.00230175
4.05,45.167,-90.0261,63.9436,115.561,79.9146,66.6973,41.3291,4.00046,-14.3258,40.6883,-10.6559,22.2639,11.6919,5.89682,-27.3253,10.3719,0,0,9.8561,-2.09948,-6.12882,-89.4522,-0.0605596,-20.1929,-23.2568,6.87E-16,1.21052,-49.4841,45.0782,1.00294,-1.8605,76.4593,-34.6465,0,0,-0.0189832,0,0,-0.20928,0,0,0.00131398
4.06,50.5207,-56.274,56.9924,120.941,113.017,69.3771,41.1925,4.07391,-14.4389,37.3671,-10.237,20.0713,11.346,5.23332,-24.8807,10.2809,0,0,9.83746,-1.91747,-6.06391,-92.682,-0.530336,-20.5781,-23.0797,-1.42E-15,0.766491,-67.6659,47.6171,0.592551,29.7342,87.6554,-34.1062,0,0,0.00611567,0,0,-0.337009,0,0,0.000884618
4.07,56.451,-22.9587,50.8915,126.389,145.387,72.8236,40.9234,4.12092,-14.4231,33.9234,-9.74166,17.7496,10.9816,4.55891,-22.2897,10.1519,0,0,9.82298,-1.74854,-5.96615,-95.8952,-1.03138,-20.7873,-22.0213,2.22E-16,0.120159,-93.2007,48.8294,-0.0139633,71.3903,98.1813,-31.449,0,0,0.0517971,0,0,-0.517359,0,0,0.000973048
4.08,62.9106,9.65339,45.6666,131.843,176.836,76.9416,40.5271,4.14204,-14.269,30.3929,-9.18789,15.3166,10.5877,3.88063,-19.5804,9.96896,0,0,9.8111,-1.5902,-5.83319,-99.0396,-1.54658,-20.7962,-20.2242,1.19E-15,-0.601496,-126.843,48.3794,-0.695358,124.332,105.814,-26.0613,0,0,0.120314,0,0,-0.74987,0,0,0.00136352
4.09,69.8177,41.2496,41.3062,137.221,207.146,81.584,40.0137,4.13818,-13.9768,26.8241,-8.60288,12.8035,10.1545,3.20601,-16.7895,9.71736,0,0,9.80011,-1.43941,-5.66354,-102.052,-2.05165,-20.587,-17.8862,-2.12E-15,-1.24397,-168.873,46.2854,-1.3013,189.05,108.576,-17.7899,0,0,0.211184,0,0,-1.02408,0,0,0.00182653
4.1,77.054,71.4768,37.7529,142.42,236.073,86.5564,39.3983,4.11089,-13.5559,23.2787,-8.01917,10.2564,9.68161,2.54367,-13.9651,9.3928,0,0,9.78865,-1.29281,-5.45676,-104.87,-2.51867,-20.153,-15.2165,6.57E-17,-1.64124,-218.583,42.9241,-1.66797,264.518,104.845,-7.00712,0,0,0.320391,0,0,-1.31571,0,0,0.00200468
4.11,84.4674,99.9535,34.9013,147.325,263.341,91.6231,38.7001,4.06267,-13.0227,19.8308,-7.46998,7.73533,9.18339,1.90391,-11.1678,9.00803,0,0,9.77577,-1.14696,-5.21378,-107.437,-2.92255,-19.5009,-12.3121,-2.79E-15,-1.65811,-273.77,38.7648,-1.66109,347.487,93.4875,5.45746,0,0,0.439574,0,0,-1.58523,0,0,0.00151039
4.12,91.8798,126.29,32.6067,151.82,288.655,96.5117,37.9413,3.99748,-12.3985,16.564,-6.98401,5.31035,8.68918,1.29901,-8.47082,8.59368,0,0,9.76141,-0.998507,-4.93696,-109.713,-3.24755,-18.6528,-9.0555,1.58E-15,-1.21865,-330.337,34.1008,-1.20643,431.882,74.0969,18.4229,0,0,0.555823,0,0,-1.78146,0,0,0.000166813
4.13,99.0984,150.114,30.7044,155.8,311.711,100.916,37.1454,3.92114,-11.7054,13.5645,-6.58114,3.05487,8.23503,0.7433,-5.95832,8.19024,0,0,9.74637,-0.844119,-4.63007,-111.667,-3.49025,-17.6459,-5.10454,-3.74E-15,-0.299008,-382.364,28.9925,-0.285605,508.633,47.5829,30.5225,0,0,0.652978,0,0,-1.85339,0,0,-0.00185061
4.14,105.929,171.104,29.0393,159.194,332.236,104.493,36.3343,3.84172,-10.9641,10.9132,-6.27001,1.0363,7.84616,0.252581,-3.71958,7.82954,0,0,9.73224,-0.680298,-4.29812,-113.27,-3.65639,-16.5328,-0.0467194,-7.88E-16,1.05361,-422.638,23.1618,1.04399,566.805,16.1163,40.4585,0,0,0.7153,0,0,-1.76789,0,0,-0.00374725
4.15,112.193,189.026,27.499,161.973,350.024,106.869,35.5268,3.7696,-10.1906,8.67499,-6.04735,-0.694632,7.51321,-0.157243,-1.84064,7.50931,0,0,9.7213,-0.503309,-3.94726,-114.473,-3.75222,-15.3805,6.2754,-1.18E-15,2.7099,-443.678,16.1912,2.64316,594.735,-17.0374,47.1917,0,0,0.730953,0,0,-1.527,0,0,-0.00365088
4.16,117.738,203.768,26.0419,164.163,364.992,107.659,34.7359,3.71723,-9.39379,6.88874,-5.89939,-2.11386,7.1715,-0.472577,-0.391924,7.17135,0,0,9.71613,-0.308982,-3.5847,-115.196,-3.77495,-14.2662,13.3877,2.36E-15,4.45052,-439.458,7.81501,4.29454,582.991,-48.171,50.0896,0,0,0.695766,0,0,-1.1755,0,0,0.00193849
4.17,122.454,215.375,24.7104,165.842,377.23,106.515,33.9679,3.69842,-8.57566,5.55897,-5.80465,-3.23115,6.69579,-0.685156,0.585117,6.69544,0,0,9.71907,-0.092758,-3.21863,-115.326,-3.70917,-13.2697,19.9361,-2.63E-16,5.97134,-407.436,-1.61169,5.71724,527.901,-73.5184,48.9803,0,0,0.614799,0,0,-0.78994,0,0,0.0169488
4.18,126.285,224.07,23.6187,167.129,387.017,103.207,33.222,3.7273,-7.73256,4.65271,-5.73747,-4.09112,5.92125,-0.794585,1.08797,5.92018,0,0,9.73191,0.150262,-2.85801,-114.74,-3.53328,-12.4615,23.7985,5.25E-16,6.89149,-350.064,-11.1573,6.57259,434.453,-90.4718,44.1593,0,0,0.500754,0,0,-0.450097,0,0,0.0405451
4.19,129.227,230.248,22.9166,168.155,394.803,97.7104,32.4918,3.81704,-6.8581,4.10277,-5.67193,-4.76647,4.69111,-0.809537,1.15666,4.69017,0,0,9.75551,0.424956,-2.51236,-113.347,-3.23296,-11.8877,22.6323,-1.84E-15,6.85236,-274.288,-19.5373,6.54755,314.649,-97.7714,36.3079,0,0,0.367915,0,0,-0.206871,0,0,0.0602763
4.2,131.34,234.436,22.7363,169.033,401.137,90.2764,31.7673,3.97864,-5.94765,3.81801,-5.58588,-5.34344,2.92176,-0.747567,0.871921,2.92143,0,0,9.78949,0.735882,-2.19133,-111.146,-2.81346,-11.5551,14.8116,1.31E-15,5.69171,-190.135,-25.5621,5.50238,185.673,-95.7574,26.4926,0,0,0.230278,0,0,-0.0684023,0,0,0.0536148
4.21,132.737,237.218,23.1438,169.821,406.557,81.4445,31.0378,4.21971,-5.00229,3.69969,-5.46462,-5.90152,0.663225,-0.633052,0.345648,0.663215,0,0,9.83238,1.08663,-1.90421,-108.271,-2.30377,-11.4229,0.59694,-1.71E-15,3.61803,-108.016,-28.358,3.61101,64.2657,-85.6324,16.0575,0,0,0.098771,0,0,-0.00915833,0,0,0.00574243
4.22,133.582,239.137,24.1105,170.514,411.468,71.9843,30.2946,4.54395,-4.0324,3.66024,-5.30289,-6.49237,-1.87917,-0.493142,-0.297404,-1.87915,0,0,9.88162,1.47941,-1.65921,-105.002,-1.7508,-11.4118,-17.1287,-3.28E-16,1.30933,-37.7114,-27.1279,1.453,-34.4488,-68.7572,6.60977,0,0,-0.0155664,0,0,0.00690208,0,0,-0.0685519
4.23,134.053,240.614,25.513,171.065,416.062,62.7598,29.5333,4.95103,-3.05867,3.63898,-5.10412,-7.12576,-4.39263,-0.351127,-0.950056,-4.39202,0,0,9.93398,1.91453,-1.46278,-101.708,-1.20748,-11.4337,-33.8401,9.28E-16,-0.361095,13.1322,-21.2149,-0.196231,-99.8481,-46.55,-0.352969,0,0,-0.10245,0,0,0.00708867,0,0,-0.12885
4.24,134.317,241.909,27.1612,171.435,420.325,54.5567,28.7542,5.43683,-2.10991,3.60823,-4.87733,-7.77159,-6.55858,-0.220578,-1.5498,-6.55617,0,0,9.98597,2.39007,-1.31887,-98.7423,-0.720681,-11.4271,-45.6823,3.42E-15,-0.925407,41.1751,-11.262,-0.885756,-128.381,-22.252,-4.11996,0,0,-0.15412,0,0,0.00361435,0,0,-0.142434
4.25,134.504,243.132,28.8429,171.628,424.116,47.9389,27.9612,5.99382,-1.21792,3.56772,-4.63395,-8.3768,-8.14669,-0.104641,-2.08212,-8.14126,0,0,10.0344,2.90153,-1.2285,-96.3445,-0.322519,-11.3704,-50.8632,-1.45E-15,-0.52191,47.6694,0.372016,-0.68656,-123.054,-1.20706,-4.9364,0,0,-0.165736,0,0,-0.000898655,0,0,-0.108715
4.26,134.701,244.28,30.3681,171.693,427.25,43.1661,27.1602,6.61139,-0.411774,3.53288,-4.38551,-8.88428,-9.05786,0.000236658,-2.56335,-9.0487,0,0,10.0769,3.44184,-1.18946,-94.6101,-0.0265475,-11.2709,-49.6681,8.54E-16,0.371413,38.6983,10.805,0.0168674,-93.7374,12.1419,-3.80005,0,0,-0.141071,0,0,-0.00551495,0,0,-0.0528772
4.27,134.957,245.291,31.6018,171.695,429.586,40.1853,26.3565,7.27578,0.287107,3.52186,-4.14203,-9.24751,-9.31799,0.0995219,-3.01858,-9.30494,0,0,10.1117,4.00134,-1.19623,-93.5039,0.171717,-11.1443,-43.9004,2.13E-15,1.25094,23.7214,17.7095,0.784859,-55.9591,16.0097,-2.00932,0,0,-0.0952905,0,0,-0.0083745,0,0,-0.00313907
4.28,135.295,246.096,32.4796,171.692,431.088,38.7017,25.5531,7.97,0.867514,3.54489,-3.91119,-9.44055,-9.04019,0.197303,-3.46653,-9.02351,0,0,10.1384,4.56811,-1.24013,-92.9072,0.290613,-11.0036,-35.8519,5.52E-15,1.90306,11.1873,20.5092,1.4168,-23.552,12.0356,-0.475873,0,0,-0.047051,0,0,-0.00876501,0,0,0.0261669
4.29,135.71,246.654,33.0038,171.734,431.84,38.2946,24.7501,8.67422,1.3285,3.59913,-3.69812,-9.46213,-8.37905,0.295813,-3.91739,-8.35933,0,0,10.1573,5.12832,-1.30973,-92.6687,0.35561,-10.8606,-27.5303,3.23E-15,2.19296,5.26137,19.1724,1.75472,-3.73472,1.70731,0.374947,0,0,-0.00740928,0,0,-0.00760753,0,0,0.0355584
4.3,136.178,246.962,33.2259,171.853,432.013,38.5296,23.9461,9.36645,1.67702,3.67034,-3.50533,-9.33248,-7.49102,0.395468,-4.37297,-7.46909,0,0,10.1697,5.66666,-1.3916,-92.6434,0.392943,-10.7269,-20.3602,3.33E-15,2.05783,6.18807,14.1295,1.69836,2.24812,-13.8934,0.502156,0,0,0.0196756,0,0,-0.00597584,0,0,0.0328929
4.31,136.664,247.052,33.2231,172.05,431.816,39.0413,23.1393,10.024,1.92394,3.73878,-3.33313,-9.08643,-6.50672,0.49445,-4.82492,-6.48356,0,0,10.1772,6.16717,-1.47137,-92.7164,0.425424,-10.6115,-15.0924,4.76E-16,1.63644,12.7013,6.96829,1.35245,-4.88568,-32.0577,0.104004,0,0,0.0296429,0,0,-0.00431905,0,0,0.0262101
4.32,137.123,246.977,33.0775,172.305,431.44,39.5752,22.3294,10.6253,2.08019,3.78561,-3.18066,-8.76781,-5.51861,0.588593,-5.25421,-5.49534,0,0,10.1815,6.6143,-1.53506,-92.8108,0.470602,-10.5198,-11.8764,-2.22E-16,1.1595,22.1907,-0.338825,0.927936,-21.3975,-49.7994,-0.493789,0,0,0.0218387,0,0,-0.00229378,0,0,0.0203132
4.33,137.519,246.796,32.86,172.587,431.033,39.992,21.5187,11.152,2.1546,3.79766,-3.04694,-8.42374,-4.58056,0.67242,-5.63594,-4.55836,0,0,10.1843,6.99402,-1.57042,-92.8855,0.539657,-10.4565,-10.4063,9.28E-16,0.794683,31.8576,-6.36379,0.588673,-42.533,-64.9715,-1.02647,0,0,-0.000390599,0,0,0.000463522,0,0,0.0166788
4.34,137.821,246.563,32.6234,172.874,430.683,40.2453,20.7119,11.5902,2.15325,3.76987,-2.93152,-8.09874,-3.71454,0.740482,-5.94551,-3.6945,0,0,10.1867,7.29515,-1.56815,-92.9258,0.637435,-10.4266,-10.1569,7.63E-16,0.585987,39.392,-10.5152,0.385516,-63.2986,-76.624,-1.36201,0,0,-0.030066,0,0,0.00368941,0,0,0.0149433
4.35,138.014,246.32,32.4001,173.15,430.423,40.3504,19.9147,11.9323,2.08061,3.70526,-2.83466,-7.82976,-2.92066,0.788405,-6.16327,-2.90375,0,0,10.1891,7.51039,-1.52272,-92.9335,0.763361,-10.4352,-10.5802,-2.13E-16,0.484421,43.4348,-12.8191,0.280444,-79.6415,-84.5666,-1.49191,0,0,-0.0594722,0,0,0.00654281,0,0,0.0142642
4.36,138.095,246.094,32.2054,173.41,430.246,40.3514,19.1327,12.1769,1.94188,3.61259,-2.75723,-7.64281,-2.18753,0.813577,-6.27758,-2.17441,0,0,10.1915,7.63703,-1.43275,-92.9169,0.912734,-10.4857,-11.227,1.31E-15,0.398753,43.7563,-13.6189,0.192247,-89.3005,-88.9237,-1.49351,0,0,-0.0828499,0,0,0.00820068,0,0,0.0139912
4.37,138.073,245.897,32.042,173.655,430.125,40.2965,18.3696,12.3287,1.74543,3.50327,-2.70029,-7.55157,-1.50071,0.815442,-6.28604,-1.49166,0,0,10.1934,7.67715,-1.30098,-92.8846,1.07808,-10.5772,-11.8232,-1.52E-16,0.271867,40.7848,-13.2439,0.0696297,-91.2608,-89.8009,-1.43889,0,0,-0.0966202,0,0,0.00830395,0,0,0.0138267
4.38,137.963,245.73,31.906,173.886,430.031,40.2233,17.627,12.3976,1.50397,3.3885,-2.66469,-7.55748,-0.847345,0.795598,-6.19594,-0.842402,0,0,10.1941,7.63729,-1.13379,-92.8426,1.25032,-10.7046,-12.2434,-1.38E-15,0.0800497,35.8182,-12.0498,-0.109493,-87.2626,-87.4322,-1.40301,0,0,-0.101467,0,0,0.00715909,0,0,0.0136807
4.39,137.788,245.586,31.7912,174.105,429.936,40.1542,16.904,12.3973,1.23247,3.27775,-2.65076,-7.65123,-0.217781,0.757227,-6.02162,-0.216583,0,0,10.1929,7.52768,-0.940381,-92.7937,1.42027,-10.8595,-12.4796,2.75E-16,-0.166421,29.9296,-10.3671,-0.336307,-78.8694,-82.3795,-1.40911,0,0,-0.0984646,0,0,0.00535044,0,0,0.0135596
4.4,137.573,245.458,31.6914,174.314,429.826,40.0978,16.1988,12.3436,0.946394,3.17807,-2.65798,-7.81557,0.394884,0.70451,-5.78194,0.392873,0,0,10.1899,7.3609,-0.731755,-92.7389,1.57978,-11.0313,-12.5796,-8.45E-16,-0.448365,24.0614,-8.61701,-0.594263,-68.0705,-75.7387,-1.45883,0,0,-0.0898943,0,0,0.00345888,0,0,0.0134862
4.41,137.343,245.336,31.6026,174.513,429.695,40.0532,15.5091,12.2521,0.660706,3.09394,-2.68479,-8.02948,0.995687,0.641975,-5.49736,0.991101,0,0,10.1853,7.15055,-0.519485,-92.6787,1.72263,-11.2094,-12.608,2.46E-16,-0.743618,18.7789,-7.12677,-0.863728,-56.2462,-68.6255,-1.53851,0,0,-0.0778756,0,0,0.00183751,0,0,0.0134773
4.42,137.117,245.214,31.5217,174.701,429.544,40.0149,14.8329,12.1372,0.390014,3.02744,-2.7285,-8.27235,1.58862,0.574004,-5.18772,1.58212,0,0,10.1805,6.90968,-0.314602,-92.6137,1.84486,-11.3837,-12.6158,-2.38E-16,-1.02745,14.2908,-6.13595,-1.12175,-44.3213,-62.0898,-1.62105,0,0,-0.064282,0,0,0.000602952,0,0,0.0135293
4.43,136.91,245.09,31.4467,174.876,429.382,39.9764,14.1684,12.0106,0.148477,2.97843,-2.78555,-8.52687,2.17712,0.504508,-4.87081,2.16927,0,0,10.1775,6.64974,-0.12658,-92.5457,1.9447,-11.5459,-12.6311,-1.86E-15,-1.25655,10.621,-5.63239,-1.32603,-33.0115,-56.6848,-1.66537,0,0,-0.0506779,0,0,-0.000249037,0,0,0.0136109
4.44,136.73,244.961,31.3756,175.033,429.215,39.9323,13.5146,11.8805,-0.0509761,2.94518,-2.85187,-8.77988,2.76429,0.436855,-4.56201,2.75553,0,0,10.1788,6.37971,0.0373099,-92.477,2.0221,-11.6899,-12.6668,5.54E-16,-1.38701,7.61605,-5.43793,-1.43328,-22.5786,-52.4563,-1.62845,0,0,-0.037866,0,0,-0.00076757,0,0,0.0136876
4.45,136.577,244.831,31.306,175.169,429.052,39.8795,12.8709,11.7517,-0.197926,2.92488,-2.92339,-9.02181,3.35284,0.373999,-4.27487,3.3435,0,0,10.1871,6.10573,0.172446,-92.41,2.07801,-11.8127,-12.7224,-2.62E-15,-1.38998,5.27406,-5.35922,-1.41505,-13.8257,-49.2349,-1.4916,0,0,-0.0270504,0,0,-0.00100046,0,0,0.0137379
4.46,136.451,244.702,31.2361,175.287,428.897,39.817,12.237,11.6256,-0.286338,2.91426,-2.99649,-9.24514,3.94502,0.318538,-4.02132,3.93529,0,0,10.2051,5.83124,0.27694,-92.347,2.11385,-11.9143,-12.7946,-2.87E-16,-1.26426,3.46901,-5.24182,-1.27051,-6.89912,-46.8322,-1.25515,0,0,-0.0185697,0,0,-0.00101654,0,0,0.0137707
4.47,136.346,244.577,31.1655,175.393,428.754,39.7461,11.6125,11.5009,-0.31487,2.91017,-3.06819,-9.44348,4.54255,0.272822,-3.8122,4.53248,0,0,10.2352,5.55718,0.351347,-92.2898,2.13113,-11.9979,-12.8816,-1.08E-15,-1.04411,2.06109,-5.08492,-1.03416,-1.83489,-45.2539,-0.94713,0,0,-0.0125956,0,0,-0.000905731,0,0,0.0138241
4.48,136.259,244.458,31.0964,175.495,428.621,39.6703,10.9977,11.3744,-0.28617,2.91005,-3.13623,-9.61094,5.14696,0.238989,-3.65738,5.13645,0,0,10.2793,5.2827,0.398043,-92.2394,2.1312,-12.0687,-12.9712,-3.18E-17,-0.78871,0.968652,-5.01267,-0.7652,1.33253,-44.6893,-0.618279,0,0,-0.00925448,0,0,-0.000759683,0,0,0.0139323
4.49,136.188,244.345,31.0344,175.606,428.501,39.595,10.393,11.242,-0.205276,2.91237,-3.19896,-9.74274,5.75969,0.218829,-3.56509,5.7485,0,0,10.3387,5.0058,0.420554,-92.1967,2.1154,-12.1325,-13.0431,1.28E-16,-0.556847,-0.0214805,-5.17073,-0.522215,2.94558,-45.3593,-0.309201,0,0,-0.00821548,0,0,-0.000642904,0,0,0.014101
4.5,136.129,244.241,30.9881,175.732,428.395,39.5259,9.79925,11.0995,-0.078172,2.917,-3.25539,-9.83558,6.38218,0.213647,-3.54137,6.36993,0,0,10.414,4.72413,0.42282,-92.1621,2.0852,-12.1951,-13.0654,-1.28E-15,-0.387897,-0.866499,-5.64625,-0.344207,2.74784,-47.2633,-0.0588434,0,0,-0.00966481,0,0,-0.000571826,0,0,0.0142904
4.51,136.083,244.144,30.9679,175.877,428.305,39.4676,9.21778,10.9442,0.0884599,2.92552,-3.3052,-9.88788,7.01568,0.224057,-3.58902,7.00185,0,0,10.5055,4.43577,0.408642,-92.1351,2.04241,-12.2609,-13.007,-9.26E-16,-0.295591,-1.73156,-6.42163,-0.244418,1.21299,-50.2337,0.129087,0,0,-0.0129447,0,0,-0.000527155,0,0,0.0144301
4.52,136.046,244.056,30.9842,176.04,428.235,39.422,8.65087,10.7748,0.287373,2.94131,-3.3487,-9.89985,7.66073,0.249907,-3.70734,7.6446,0,0,10.6129,4.13992,0.381199,-92.114,1.98923,-12.3332,-12.838,1.55E-15,-0.284266,-2.62903,-7.44439,-0.226574,-1.42281,-53.9751,0.25003,0,0,-0.0175381,0,0,-0.000473837,0,0,0.0144296
4.53,136.012,243.982,31.0436,176.216,428.186,39.3862,8.10135,10.5924,0.510729,2.96927,-3.38675,-9.87299,8.31642,0.290278,-3.89206,8.29711,0,0,10.7357,3.83725,0.342837,-92.0953,1.92833,-12.414,-12.5549,-3.56E-16,-0.341903,-3.71661,-8.57748,-0.277999,-4.22763,-58.0347,0.322857,0,0,-0.0221515,0,0,-0.000360849,0,0,0.0142211
4.54,135.969,243.925,31.1482,176.397,428.157,39.3519,7.57253,10.4004,0.75025,3.01527,-3.42058,-9.80941,8.97969,0.343582,-4.13584,8.95611,0,0,10.8732,3.5301,0.29488,-92.0728,1.86279,-12.5038,-12.183,-1.65E-16,-0.451533,-4.8299,-9.73424,-0.381041,-7.05999,-62.0227,0.35276,0,0,-0.0262428,0,0,-0.000153824,0,0,0.0137842
4.55,135.904,243.89,31.2955,176.57,428.145,39.3064,7.06768,10.204,0.996812,3.08539,-3.45163,-9.71145,9.6452,0.407563,-4.42823,9.61613,0,0,11.0247,3.22239,0.237703,-92.0382,1.79601,-12.6017,-11.7929,1.38E-15,-0.576294,-6.04039,-10.7222,-0.498334,-8.97397,-65.4231,0.376176,0,0,-0.0285583,0,0,0.000190693,0,0,0.0131941
4.56,135.802,243.88,31.48,176.724,428.143,39.2346,6.58954,10.0098,1.2412,3.18512,-3.48134,-9.58131,10.3063,0.479586,-4.75709,10.2704,0,0,11.1893,2.91932,0.170832,-91.982,1.73122,-12.7063,-11.4877,8.11E-17,-0.673686,-7.3417,-11.3967,-0.58704,-9.20117,-67.9294,0.431141,0,0,-0.028294,0,0,0.000701254,0,0,0.0126093
4.57,135.648,243.896,31.6963,176.848,428.149,39.1249,6.1395,9.82526,1.47547,3.31834,-3.511,-9.42129,10.9571,0.557051,-5.11044,10.913,0,0,11.3659,2.62689,0.0930417,-91.8965,1.67095,-12.8157,-11.3551,3.66E-16,-0.700359,-8.63877,-11.5925,-0.603814,-7.52023,-69.1416,0.547161,0,0,-0.025333,0,0,0.00137441,0,0,0.0122002
4.58,135.432,243.939,31.9401,176.94,428.163,38.974,5.71715,9.65751,1.69368,3.48676,-3.54161,-9.23405,11.5947,0.637691,-5.47785,11.541,0,0,11.553,2.35128,0.00260406,-91.7777,1.61649,-12.9295,-11.425,1.84E-15,-0.638154,-10.0355,-11.2675,-0.530599,-3.39177,-69.0585,0.744999,0,0,-0.0196653,0,0,0.00222951,0,0,0.0120625
4.59,135.15,244.011,32.2101,177.001,428.189,38.7882,5.31998,9.5129,1.89269,3.68951,-3.57384,-9.0228,12.2199,0.719847,-5.8517,12.1552,0,0,11.749,2.09824,-0.102559,-91.6264,1.56787,-13.0486,-11.6473,1.57E-15,-0.502768,-11.5342,-10.5186,-0.38316,2.91446,-67.9141,1.00927,0,0,-0.01205,0,0,0.00325433,0,0,0.0121705
4.6,134.804,244.113,32.5086,177.043,428.233,38.5818,4.94323,9.39623,2.07217,3.92331,-3.608,-8.79127,12.8362,0.802453,-6.22707,12.7592,0,0,11.9516,1.87244,-0.224703,-91.4473,1.52409,-13.1753,-11.9187,3.11E-15,-0.332829,-13.314,-9.54075,-0.200153,11.4314,-66.1594,1.31958,0,0,-0.00297732,0,0,0.00448759,0,0,0.0123987
4.61,134.397,244.247,32.8415,177.075,428.301,38.3715,4.58017,9.31033,2.23471,4.18276,-3.64407,-8.54369,13.4478,0.884935,-6.60133,13.3569,0,0,12.1582,1.67713,-0.366141,-91.2464,1.48384,-13.3121,-12.0984,5.29E-16,-0.211903,-15.3098,-8.76458,-0.0644737,21.2868,-64.6135,1.61107,0,0,0.00669917,0,0,0.00585783,0,0,0.0125197
4.62,133.935,244.416,33.2193,177.107,428.395,38.1695,4.22254,9.25573,2.38498,4.46084,-3.68151,-8.28456,14.0554,0.966765,-6.97206,13.9493,0,0,12.3659,1.51372,-0.529038,-91.0267,1.44652,-13.4604,-12.1234,-2.33E-16,-0.174084,-17.5241,-8.38936,-0.010021,31.7676,-63.6548,1.86485,0,0,0.0166569,0,0,0.00729764,0,0,0.0123917
4.63,133.419,244.623,33.6573,177.139,428.512,37.9806,3.86131,9.23081,2.52901,4.74977,-3.71925,-8.01848,14.6555,1.0473,-7.33634,14.5329,0,0,12.5716,1.38186,-0.715255,-90.7872,1.41252,-13.6194,-11.9988,-8.48E-16,-0.210247,-19.977,-8.43528,-0.028088,42.2105,-63.4136,2.09718,0,0,0.0268085,0,0,0.00874515,0,0,0.0119653
4.64,132.851,244.872,34.1753,177.166,428.649,37.8039,3.48739,9.232,2.67292,5.04176,-3.75572,-7.74918,15.241,1.12604,-7.69194,15.1006,0,0,12.7725,1.27957,-0.926135,-90.523,1.38308,-13.7877,-11.7763,-7.11E-16,-0.286916,-22.7809,-8.71901,-0.0859808,52.2178,-63.6559,2.33988,0,0,0.0372198,0,0,0.0102122,0,0,0.0112732
4.65,132.229,245.167,34.7976,177.184,428.797,37.636,3.09248,9.254,2.82214,5.33017,-3.78892,-7.47875,15.8025,1.20285,-8.03817,15.6433,0,0,12.9656,1.20345,-1.16241,-90.2262,1.35981,-13.9638,-11.5072,-8.98E-16,-0.380226,-25.8969,-8.97947,-0.160417,61.1195,-63.882,2.5933,0,0,0.047554,0,0,0.0116779,0,0,0.0103713
4.66,131.554,245.508,35.5525,177.185,428.952,37.4726,2.66994,9.29018,2.98029,5.61049,-3.81689,-7.20682,16.3302,1.27788,-8.37584,16.1512,0,0,13.1487,1.14896,-1.42395,-89.8869,1.34445,-14.1458,-11.2276,-1.25E-15,-0.48384,-29.1186,-9.02217,-0.245199,67.9138,-63.8038,2.8276,0,0,0.0568817,0,0,0.0130836,0,0,0.00931515
4.67,130.832,245.897,36.4717,177.166,429.105,37.3109,2.21538,9.33295,3.14847,5.881,-3.83797,-6.93078,16.8151,1.35141,-8.7062,16.6157,0,0,13.32,1.11078,-1.70976,-89.4953,1.3385,-14.3311,-10.9485,-1.43E-15,-0.603218,-32.0643,-8.64546,-0.345779,71.4048,-63.0031,2.98249,0,0,0.0636705,0,0,0.0143619,0,0,0.00814458
4.68,130.078,246.327,37.5899,177.122,429.253,37.149,1.72753,9.374,3.32498,6.1431,-3.85095,-6.64679,17.2502,1.42368,-9.03026,17.0299,0,0,13.4784,1.08302,-2.01775,-89.042,1.34291,-14.5168,-10.6806,-6.29E-16,-0.738204,-34.6861,-7.53657,-0.46209,71.263,-60.9135,3.01468,0,0,0.0667013,0,0,0.0156819,0,0,0.00690714
4.69,129.318,246.79,38.9439,177.055,429.393,36.9871,1.20844,9.40451,3.50542,6.4018,-3.85527,-6.35033,17.6304,1.49465,-9.34795,17.3887,0,0,13.6235,1.05948,-2.34464,-88.5187,1.35789,-14.6987,-10.4404,-2.05E-17,-0.881489,-37.188,-5.35824,-0.587013,67.9341,-56.8557,2.90032,0,0,0.0654443,0,0,0.0173792,0,0,0.00565281
4.7,128.591,247.274,40.5727,176.967,429.523,36.8267,0.663724,9.41535,3.68326,6.66606,-3.85128,-6.03594,17.9516,1.56402,-9.65787,17.6887,0,0,13.7556,1.03374,-2.68596,-87.917,1.38293,-14.8701,-10.2302,-1.63E-15,-1.02887,-39.751,-2.0226,-0.716719,61.8555,-50.6511,2.63145,0,0,0.0598566,0,0,0.0198424,0,0,0.00441073
4.71,127.949,247.765,42.5171,176.867,429.645,36.6716,0.102383,9.39731,3.85064,6.94901,-3.84029,-5.69738,18.211,1.63117,-9.95734,17.9273,0,0,13.8755,0.999311,-3.03594,-87.2285,1.41687,-15.0211,-10.0411,-1.45E-15,-1.17139,-42.5323,2.26545,-0.843184,53.5912,-42.6095,2.23168,0,0,0.0506239,0,0,0.0235564,0,0,0.00319785
4.72,127.451,248.254,44.8196,176.768,429.764,36.5281,-0.463638,9.34142,3.99962,7.26751,-3.82425,-5.3276,18.4073,1.69551,-10.2438,18.1036,0,0,13.9844,0.949882,-3.38761,-86.4449,1.45811,-15.1388,-9.85055,1.43E-15,-1.29416,-45.5268,6.99683,-0.953183,43.2889,-33.6678,1.75208,0,0,0.0385637,0,0,0.0290516,0,0,0.00202106
4.73,127.159,248.742,47.5248,176.684,429.887,36.4042,-1.0199,9.23926,4.12317,7.64167,-3.80527,-4.91887,18.5396,1.75689,-10.5165,18.2171,0,0,14.0834,0.87932,-3.73298,-85.5577,1.50497,-15.2092,-9.61071,-1.67E-15,-1.37678,-48.6767,11.4597,-1.02904,31.0379,-25.0234,1.27371,0,0,0.0246965,0,0,0.0369026,0,0,0.000873884
4.74,127.126,249.243,50.6796,176.633,430.03,36.3083,-1.55013,9.08353,4.21617,8.0943,-3.78503,-4.4628,18.6068,1.816,-10.7787,18.2668,0,0,14.1736,0.782084,-4.06336,-84.5571,1.55607,-15.2186,-9.24707,4.10E-16,-1.40202,-51.7378,14.8076,-1.05693,16.3585,-18.1526,0.890501,0,0,0.00951483,0,0,0.0475075,0,0,-0.000262877
4.75,127.392,249.798,54.3344,176.631,430.208,36.2468,-2.03667,8.86827,4.27534,8.65038,-3.76411,-3.95001,18.6056,1.8748,-11.0391,18.2491,0,0,14.2553,0.653252,-4.36983,-83.4305,1.61067,-15.1559,-8.65665,2.17E-15,-1.36736,-54.2646,16.2588,-1.03778,-1.48156,-14.2785,0.685072,0,0,-0.00665329,0,0,0.0608264,0,0,-0.00140545
4.76,127.968,250.474,58.5444,176.69,430.441,36.2204,-2.46084,8.58941,4.29942,9.33641,-3.74142,-3.37056,18.5279,1.93658,-11.3121,18.1552,0,0,14.3285,0.488918,-4.64371,-82.16,1.66887,-15.0145,-7.73292,-3.61E-16,-1.29273,-55.4769,15.1487,-0.993802,-24.1115,-14.5002,0.720545,0,0,-0.0238327,0,0,0.0758711,0,0,-0.00252651
4.77,128.835,251.378,63.37,176.816,430.747,36.2205,-2.80327,8.24491,4.2883,10.1797,-3.71366,-2.71453,18.3566,2.00583,-11.6175,17.9676,0,0,14.3922,0.286365,-4.87718,-80.7191,1.7314,-14.7933,-6.39743,2.73E-15,-1.22226,-54.5618,11.141,-0.969118,-52.7205,-19.4082,1.04611,0,0,-0.0404416,0,0,0.0906193,0,0,-0.00349692
4.78,129.943,252.66,68.8764,177.003,431.139,36.2264,-3.04403,7.83476,4.24286,11.2072,-3.67507,-1.97334,18.0629,2.08785,-11.9784,17.6565,0,0,14.4448,0.0441525,-5.06396,-79.0706,1.79876,-14.4978,-4.65517,1.31E-16,-1.22088,-50.7349,4.35848,-1.02467,-88.4868,-28.8746,1.68742,0,0,-0.0527232,0,0,0.101889,0,0,-0.00403906
4.79,131.21,254.509,75.1294,177.235,431.627,36.2065,-3.16294,7.36107,4.16388,12.4446,-3.61776,-1.14049,17.6032,2.18808,-12.418,17.1784,0,0,14.4844,-0.237649,-5.19986,-77.1658,1.86965,-14.1384,-2.63635,1.25E-15,-1.36325,-43.7706,-4.5938,-1.22646,-130.904,-42.1703,2.67309,0,0,-0.0536659,0,0,0.10641,0,0,-0.0037668
4.8,132.533,257.158,82.1883,177.486,432.215,36.1222,-3.14006,6.8275,4.05182,13.9148,-3.53251,-0.211771,16.9198,2.31145,-12.957,16.4766,0,0,14.5084,-0.557658,-5.28332,-74.9458,1.93865,-13.729,-0.647518,1.71E-15,-1.70284,-34.1462,-14.5722,-1.61505,-177.798,-57.6309,4.00888,0,0,-0.0340984,0,0,0.101983,0,0,-0.00244923
4.81,133.798,260.865,90.0972,177.722,432.906,35.9401,-2.95636,6.23919,3.90644,15.6368,-3.41064,0.815838,15.9444,2.46177,-13.6106,15.4853,0,0,14.5143,-0.913111,-5.31564,-72.3465,1.99364,-13.2829,0.83352,-1.31E-16,-2.25148,-23.0688,-24.2332,-2.18852,-225.328,-73.3882,5.68003,0,0,0.0141147,0,0,0.0887993,0,0,-0.000581052
4.82,134.901,265.894,98.877,177.908,433.709,35.6479,-2.59457,5.60246,3.72653,17.6247,-3.2466,1.94629,14.6067,2.64103,-14.3852,14.139,0,0,14.5,-1.3001,-5.3012,-69.3084,2.01344,-12.8081,1.19531,-1.71E-15,-2.93377,-12.393,-32.3411,-2.86592,-268.194,-87.6989,7.66,0,0,0.0940118,0,0,0.0706203,0,0,-0.000134681
4.83,135.764,272.491,108.52,178.01,434.651,35.2736,-2.04036,4.92485,3.5103,19.8872,-3.04078,3.18669,12.8463,2.84921,-15.2778,12.3849,0,0,14.4636,-1.71377,-5.24706,-65.7881,1.96685,-12.3044,-0.210596,2.63E-15,-3.57225,-4.03777,-38.0569,-3.48682,-301.219,-99.353,9.88179,0,0,0.200389,0,0,0.0540096,0,0,-0.00504811
4.84,136.352,280.852,118.986,178.005,435.79,34.9036,-1.28349,4.21558,3.25517,22.4264,-2.80211,4.54911,10.6296,3.0842,-16.2761,10.1989,0,0,14.4043,-2.14838,-5.16259,-61.775,1.81393,-11.7627,-3.94761,-5.25E-16,-3.86588,0.407122,-40.9644,-3.80975,-320.085,-107.674,12.2019,0,0,0.319325,0,0,0.046866,0,0,-0.0207079
4.85,136.679,291.095,130.206,177.886,437.231,34.6964,-0.319108,3.48606,2.95819,25.2379,-2.54944,6.05109,7.96886,3.3426,-17.3619,7.60359,0,0,14.3224,-2.59748,-5.05859,-57.3077,1.51025,-11.1697,-10.2672,-7.88E-16,-3.47857,0.90341,-40.8372,-3.61634,-324.2,-112.081,14.2248,0,0,0.434775,0,0,0.051667,0,0,-0.0515493
4.86,136.81,303.243,142.079,177.666,439.15,34.8826,0.85127,2.75038,2.61582,28.31,-2.31177,7.7137,4.93816,3.62049,-18.5151,4.68199,0,0,14.2188,-3.0539,-4.94639,-52.4869,1.01471,-10.514,-18.8668,-1.58E-15,-2.15288,-0.817441,-37.5839,-2.8166,-316.64,-112.328,15.3408,0,0,0.535411,0,0,0.0612347,0,0,-0.09698
4.87,136.84,317.225,154.48,177.38,441.8,35.7424,2.2192,2.02562,2.224,31.6226,-2.12664,9.55765,1.67793,3.91483,-19.7193,1.5795,0,0,14.0955,-3.50982,-4.8369,-47.4761,0.29947,-9.79309,-28.8114,1.05E-15,0.169655,-1.46952,-31.0844,-1.51292,-303.412,-108.494,14.8656,0,0,0.620298,0,0,0.0569973,0,0,-0.148365
4.88,136.882,332.884,167.251,177.081,445.513,37.5566,3.76935,1.33148,1.77857,35.1461,-2.03631,11.596,-1.61984,4.22457,-20.9668,-1.51256,0,0,13.9551,-3.95678,-4.73962,-42.4849,-0.640853,-9.01748,-38.7308,-3.41E-15,3.25873,2.70879,-21.4659,0.00345641,-291.506,-101.736,12.4695,0,0,0.697896,0,0,0.0147132,0,0,-0.190607
4.89,137.032,350.009,180.198,176.825,450.677,40.5418,5.48004,0.689393,1.27453,38.8382,-2.08274,13.8253,-4.74356,4.55124,-22.2596,-4.38934,0,0,13.8006,-4.38571,-4.66176,-37.7375,-1.7837,-8.21132,-47.2964,2.36E-15,6.65681,13.3652,-9.31271,1.37949,-283.105,-93.8921,8.44334,0,0,0.770162,0,0,-0.0772587,0,0,-0.208915
4.9,137.349,368.363,193.089,176.664,457.703,44.7908,7.32443,0.120841,0.707144,42.6439,-2.30104,16.2201,-7.49718,4.89883,-23.6088,-6.86652,0,0,13.6351,-4.78719,-4.60771,-33.4407,-3.0787,-7.40771,-53.5389,-3.94E-15,9.81306,30.0691,4.4264,2.32944,-277.396,-86.8025,3.63352,0,0,0.832657,0,0,-0.213934,0,0,-0.1957
4.91,137.844,387.709,205.647,176.635,466.973,50.242,9.27214,-0.354556,0.072308,46.4961,-2.71375,18.7312,-9.72554,5.27283,-25.0292,-8.80459,0,0,13.4616,-5.15176,-4.57869,-29.7609,-4.45239,-6.64204,-56.8731,4.99E-15,12.2215,50.5969,18.4831,2.71559,-270.863,-81.7212,-0.798961,0,0,0.873468,0,0,-0.373826,0,0,-0.153533
4.92,138.475,407.824,217.574,176.746,478.793,56.6838,11.2912,-0.720703,-0.63238,50.3197,-3.32636,21.2913,-11.3288,5.67873,-26.5334,-10.1223,0,0,13.2831,-5.47014,-4.57274,-26.8125,-5.81742,-5.94598,-57.0232,3.41E-15,13.4907,72.5484,31.5503,2.53387,-260.773,-79.3708,-3.6639,0,0,0.884363,0,0,-0.531101,0,0,-0.0940549
4.93,139.175,428.521,228.577,176.981,493.328,63.7846,13.3498,-0.96663,-1.40628,54.036,-4.12545,23.8218,-12.2717,6.11951,-28.122,-10.8044,0,0,13.1022,-5.73381,-4.5852,-24.6487,-7.08511,-5.34251,-54.1086,3.94E-15,13.4431,93.4923,42.4829,1.89127,-245.343,-79.4478,-4.12301,0,0,0.862518,0,0,-0.659961,0,0,-0.0337507
4.94,139.861,449.655,238.394,177.29,510.573,71.1382,15.4187,-1.08722,-2.24462,57.5685,-5.0797,26.2427,-12.5853,6.59277,-29.7753,-10.9018,0,0,12.9214,-5.9353,-4.6092,-23.2609,-8.17947,-4.84202,-48.6724,2.63E-16,12.2039,111.233,50.6496,0.994602,-223.932,-80.8104,-2.10005,0,0,0.809907,0,0,-0.740237,0,0,0.0128922
4.95,140.463,471.131,246.818,177.61,530.353,78.316,17.4717,-1.08349,-3.13727,60.8474,-6.14361,28.483,-12.3584,7.08925,-31.4511,-10.5203,0,0,12.7431,-6.06879,-4.63653,-22.5855,-9.04982,-4.44198,-41.6597,-1.31E-15,10.2153,123.676,56.0788,0.12255,-196.843,-81.2453,1.46014,0,0,0.730218,0,0,-0.759432,0,0,0.0392368
4.96,140.932,492.894,253.702,177.876,552.37,84.925,19.4872,-0.962007,-4.06841,63.8149,-7.26302,30.4906,-11.7169,7.59442,-33.095,-9.7954,0,0,12.5697,-6.13027,-4.65847,-22.5236,-9.67778,-4.13146,-34.2302,-2.63E-16,8.05063,129.434,59.0664,-0.49618,-165.714,-79.1135,5.14806,0,0,0.629778,0,0,-0.716898,0,0,0.0475252
4.97,141.237,514.915,258.955,178.044,576.269,90.6574,21.448,-0.73393,-5.0168,66.4289,-8.38149,32.238,-10.7944,8.09225,-34.6551,-8.8622,0,0,12.4034,-6.11789,-4.66682,-22.9671,-10.0744,-3.89714,-27.4888,0,6.20118,128.608,60.0723,-0.761531,-134.074,-73.9529,7.79828,0,0,0.52101,0,0,-0.626196,0,0,0.0450637
4.98,141.371,537.177,262.529,178.1,601.72,95.3191,23.3413,-0.413866,-5.9575,68.6637,-9.44594,33.722,-9.70424,8.56871,-36.0935,-7.82848,0,0,12.246,-6.03216,-4.65451,-23.822,-10.2682,-3.72769,-22.1712,-6.57E-16,4.95211,122.65,59.624,-0.679695,-105.937,-66.7991,8.91934,0,0,0.418874,0,0,-0.509145,0,0,0.039102
4.99,141.341,559.672,264.405,178.048,628.459,98.8274,25.1588,-0.0185535,-6.86397,70.5086,-10.4111,34.9569,-8.52279,9.0137,-37.3893,-6.76235,0,0,12.0989,-5.876,-4.61642,-25.0216,-10.2898,-3.61603,-18.4815,-1.31E-16,4.37091,113.675,58.2844,-0.298561,-84.4439,-59.0739,8.63818,0,0,0.335541,0,0,-0.38711,0,0,0.0339117
5,141.166,582.401,264.586,177.914,656.308,101.188,26.8954,0.434531,-7.71049,71.9649,-11.2417,35.9661,-7.28789,9.42142,-38.5371,-5.69464,0,0,11.9627,-5.6546,-4.54954,-26.527,-10.1629,-3.56104,-16.1649,3.28E-17,4.36248,103.419,56.3981,0.327364,-70.3045,-51.9489,7.39871,0,0,0.274639,0,0,-0.274084,0,0,0.0307532
5.01,140.868,605.383,263.091,177.735,685.155,102.464,28.5493,0.928133,-8.47416,73.0418,-11.9133,36.7739,-6.01026,9.78947,-39.5415,-4.63145,0,0,11.8377,-5.3754,-4.45316,-28.3174,-9.90252,-3.56772,-14.7534,-1.64E-16,4.75213,92.8631,54.0623,1.13948,-62.5013,-45.6664,5.65254,0,0,0.23308,0,0,-0.176516,0,0,0.0292336
5.02,140.467,628.658,259.953,177.56,714.932,102.749,30.1212,1.44622,-9.13667,73.7545,-12.4123,37.4,-4.68862,10.1176,-40.4124,-3.56823,0,0,11.7234,-5.04758,-4.32866,-30.3789,-9.51946,-3.64589,-13.8142,1.31E-16,5.34157,82.619,51.2651,2.05192,-59.0563,-40.1569,3.81917,0,0,0.204869,0,0,-0.0965019,0,0,0.0284977
5.03,139.982,652.291,255.224,177.445,745.58,102.153,31.6133,1.97449,-9.68545,74.1213,-12.7354,37.8574,-3.32254,10.4065,-41.1599,-2.50085,0,0,11.6196,-4.68168,-4.17921,-32.6959,-9.02526,-3.80776,-13.0571,6.57E-16,5.96319,72.9071,48.0252,2.96973,-58.1514,-34.8812,2.10756,0,0,0.184201,0,0,-0.0334354,0,0,0.0278219
5.04,139.426,676.366,248.97,177.443,777.042,100.786,33.0286,2.50085,-10.1144,74.1619,-12.8883,38.1509,-1.9191,10.6561,-41.7918,-1.43071,0,0,11.5259,-4.28889,-4.00926,-35.2471,-8.43543,-4.06539,-12.3982,-7.88E-16,6.50235,63.7676,44.3817,3.79657,-57.7449,-29.3346,0.608178,0,0,0.16545,0,0,0.0143482,0,0,0.0268607
5.05,138.813,700.979,241.281,177.607,809.25,98.7639,34.3703,3.01556,-10.423,73.8956,-12.8839,38.2788,-0.493654,10.8653,-42.3118,-0.365061,0,0,11.4424,-3.8803,-3.82417,-38.0065,-7.76975,-4.42816,-11.8509,2.63E-16,6.88683,55.2367,40.4377,4.45426,-56.971,-23.3048,-0.649324,0,0,0.146686,0,0,0.0488359,0,0,0.0255254
5.06,138.162,726.227,232.263,177.979,842.135,96.1999,35.6402,3.51111,-10.6152,73.3404,-12.74,38.2335,0.932725,11.0312,-42.7178,0.685258,0,0,11.3696,-3.4664,-3.6296,-40.9459,-7.05018,-4.90113,-11.4861,2.63E-16,7.10795,47.1415,36.3196,4.9177,-54.602,-16.4448,-1.76857,0,0,0.125345,0,0,0.0718808,0,0,0.02395
5.07,137.5,752.201,222.043,178.588,875.622,93.2063,36.8388,3.98224,-10.6987,72.5115,-12.4772,38.0043,2.3365,11.1493,-43.0033,1.70848,0,0,11.3084,-3.0563,-3.43121,-44.0381,-6.29927,-5.48472,-11.3581,-1.31E-15,7.18899,39.258,32.1638,5.20152,-50.7051,-8.58051,-2.88586,0,0,0.102026,0,0,0.0848631,0,0,0.0222963
5.08,136.859,778.975,210.766,179.458,909.639,89.8924,37.9641,4.42549,-10.6846,71.4212,-12.1186,37.5791,3.6948,11.2138,-43.158,2.69438,0,0,11.2602,-2.65749,-3.2341,-47.2588,-5.53836,-6.17496,-11.4833,0,7.13163,31.8637,28.1609,5.31006,-45.7457,-0.0219195,-3.91893,0,0,0.0784802,0,0,0.0897242,0,0,0.0206533
5.09,136.279,806.607,198.592,180.6,944.121,86.363,39.0121,4.83874,-10.5869,70.0787,-11.6887,36.9463,4.9857,11.2179,-43.168,3.63416,0,0,11.2264,-2.27569,-3.04275,-50.5869,-4.78714,-6.96339,-11.8273,-2.63E-16,6.94438,25.2662,24.3917,5.26383,-40.653,8.90949,-4.69896,0,0,0.0568054,0,0,0.088747,0,0,0.0190281
5.1,135.805,835.135,185.694,182.018,979.012,82.7161,39.9768,5.22062,-10.4236,68.4892,-11.2132,36.0964,6.18782,11.1543,-43.0153,4.52026,0,0,11.2084,-1.91483,-2.86044,-54.0042,-4.06358,-7.83705,-12.2883,5.25E-16,6.62978,20.2106,20.9519,5.08413,-36.5346,17.4036,-4.88881,0,0,0.0391291,0,0,0.0856974,0,0,0.0173037
5.11,135.481,864.58,172.255,183.705,1014.26,79.0423,40.8499,5.57006,-10.2153,66.6542,-10.7175,35.0211,7.27764,11.0146,-42.6773,5.34379,0,0,11.2073,-1.5774,-2.68965,-57.4935,-3.385,-8.77934,-12.7419,-1.05E-15,6.22619,16.9548,17.6158,4.82357,-33.7821,25.0004,-4.2019,0,0,0.0255419,0,0,0.0833636,0,0,0.0153041
5.12,135.349,894.95,158.467,185.647,1049.83,75.4222,41.6219,5.88554,-9.98485,64.5716,-10.2258,33.7136,8.22636,10.7911,-42.1283,6.09158,0,0,11.2239,-1.26487,-2.53139,-61.0351,-2.76974,-9.77179,-13.1217,1.58E-15,5.82445,15.6841,14.4184,4.57292,-33.1925,31.3835,-2.64187,0,0,0.0163587,0,0,0.0847258,0,0,0.0128545
5.13,135.441,926.241,144.531,187.832,1085.66,71.9277,42.2823,6.1651,-9.75579,62.2367,-9.75863,32.1678,8.9992,10.4777,-41.3414,6.74431,0,0,11.2582,-0.977994,-2.38563,-64.6046,-2.23734,-10.7967,-13.493,-5.52E-15,5.56913,15.9673,11.4498,4.46086,-35.101,36.8109,-0.554616,0,0,0.0107629,0,0,0.0909089,0,0,0.00978372
5.14,135.777,958.44,130.652,190.25,1121.68,68.6275,42.8203,6.40586,-9.55137,59.643,-9.33211,30.3781,9.56041,10.0716,-40.2915,7.2781,0,0,11.3102,-0.717321,-2.25103,-68.1737,-1.80548,-11.8409,-14.0498,-5.52E-15,5.60887,17.3555,9.31726,4.61398,-40.3805,41.9103,1.32521,0,0,0.00808707,0,0,0.103419,0,0,0.0058321
5.15,136.367,991.524,117.037,192.908,1157.83,65.6004,43.2259,6.60422,-9.39267,56.7839,-8.95604,28.3391,9.88264,9.57451,-38.9585,7.66962,0,0,11.3792,-0.483413,-2.12529,-71.7145,-1.4844,-12.9,-15.0644,-3.94E-15,6.03926,18.7598,8.7423,5.1097,-48.5863,47.9652,2.01567,0,0,0.00591187,0,0,0.120685,0,0,0.000591647
5.16,137.214,1025.45,103.889,195.829,1194.03,62.9502,43.4905,6.75604,-9.29716,53.6545,-8.63315,26.0467,9.95719,8.99273,-37.3292,7.90285,0,0,11.4642,-0.27702,-2.00538,-75.2063,-1.27186,-13.9792,-16.7303,2.36E-15,6.81932,19.3306,10.7956,5.90276,-59.7511,56.2913,0.516462,0,0,0.00215025,0,0,0.140566,0,0,-0.00635362
5.17,138.321,1060.16,91.4038,199.051,1230.18,60.815,43.6078,6.8567,-9.27794,50.2541,-8.35914,23.4996,9.79855,8.33578,-35.3969,7.9742,0,0,11.564,-0.0991559,-1.88765,-78.6396,-1.15187,-15.0903,-19.1073,4.99E-15,7.76016,17.7937,16.3286,6.81107,-71.2364,68.1316,-3.87164,0,0,-0.00554884,0,0,0.154898,0,0,-0.0149641
5.18,139.703,1095.54,79.7607,202.621,1266.18,59.367,43.5748,6.90177,-9.3421,46.5883,-8.123,20.7025,9.44441,7.61483,-33.1602,7.89555,0,0,11.6774,0.0489511,-1.76851,-82.0187,-1.09747,-16.2436,-22.0305,-6.96E-15,8.54918,12.9038,25.8898,7.54075,-79.8408,84.005,-11.2097,0,0,-0.0164569,0,0,0.149562,0,0,-0.0243028
5.19,141.396,1131.43,69.1165,206.572,1301.89,58.7986,43.3919,6.88741,-9.49061,42.6723,-7.90832,17.6699,8.94981,6.84104,-30.6208,7.69365,0,0,11.8025,0.166143,-1.64445,-85.3606,-1.07708,-17.4384,-25.1435,-3.81E-15,8.85659,2.69637,39.2706,7.78974,-79.8652,103.382,-20.6001,0,0,-0.0248994,0,0,0.0991961,0,0,-0.0325001
5.2,143.464,1167.59,59.5994,210.912,1337.14,59.2943,43.0639,6.81125,-9.71772,38.5339,-7.69527,14.4296,8.37841,6.02488,-27.7849,7.40662,0,0,11.9374,0.251702,-1.51237,-88.6888,-1.06255,-18.6537,-27.9168,1.16E-14,8.49087,-15.9107,55.6125,7.40123,-63.4766,124.92,-30.1226,0,0,-0.0179173,0,0,-0.0336204,0,0,-0.0375404
5.21,145.984,1203.69,51.2996,215.612,1371.72,60.9941,42.5999,6.6733,-10.0107,34.2166,-7.46351,11.0281,7.7928,5.17666,-24.6671,7.07788,0,0,12.0802,0.305778,-1.36999,-92.0244,-1.03637,-19.8427,-29.7491,3.18E-15,7.49279,-46.1398,73.5406,6.44878,-23.8225,145.519,-36.9123,0,0,0.0221458,0,0,-0.286088,0,0,-0.0382893
5.22,149.034,1239.33,44.2589,220.609,1405.36,63.9548,42.0136,6.47667,-10.3507,29.7831,-7.19617,7.53346,7.2466,4.30778,-21.2983,6.74927,0,0,12.2283,0.32974,-1.21586,-95.3756,-0.995217,-20.9364,-30.0845,-1.97E-16,6.23788,-91.4405,91.6165,5.32481,45.4215,161.182,-37.9347,0,0,0.112781,0,0,-0.684194,0,0,-0.0358473
5.23,152.663,1274.04,38.4606,225.81,1437.76,68.118,41.3232,6.22845,-10.7133,25.3154,-6.88367,4.03469,6.78037,3.43288,-17.7382,6.45661,0,0,12.3793,0.326508,-1.04997,-98.7281,-0.949212,-21.8562,-28.4862,1.97E-14,5.30323,-153.066,108.674,4.59713,144.387,166.976,-31.119,0,0,0.258729,0,0,-1.21352,0,0,-0.033354
5.24,156.87,1307.27,33.8235,231.116,1468.55,73.2895,40.5508,5.93989,-11.0704,20.9142,-6.52704,0.637178,6.41973,2.57139,-14.0849,6.22595,0,0,12.5304,0.300765,-0.873745,-102.039,-0.917181,-22.5352,-24.7362,2.36E-15,5.32111,-229.256,124.069,4.8585,267.781,159,-16.4922,0,0,0.446465,0,0,-1.80693,0,0,-0.0348017
5.25,161.586,1338.47,30.204,236.433,1497.33,79.1302,39.7217,5.62635,-11.3919,16.6942,-6.13921,-2.5479,6.17421,1.74855,-10.4795,6.07084,0,0,12.6788,0.258915,-0.690413,-105.233,-0.919815,-22.9407,-18.9143,1.05E-15,6.72835,-313.975,137.367,6.48626,402.509,135.799,3.52184,0,0,0.642461,0,0,-2.34514,0,0,-0.0422911
5.26,166.665,1367.08,27.4093,241.688,1523.67,85.1648,38.8627,5.30651,-11.648,12.7762,-5.74348,-5.41487,6.03618,0.995773,-7.10334,5.98968,0,0,12.8216,0.209027,-0.504823,-108.207,-0.973037,-23.0928,-11.402,-1.58E-15,9.52972,-397.122,147.573,9.42879,530.028,99.0979,24.8915,0,0,0.803991,0,0,-2.6876,0,0,-0.0532297
5.27,171.896,1392.61,25.2242,246.828,1547.17,90.8098,38.0006,5.00119,-11.8119,9.27777,-5.36897,-7.87522,5.97884,0.349265,-4.16181,5.963,0,0,12.9561,0.160523,-0.323403,-110.838,-1.08271,-23.0687,-2.86162,0,13.2058,-466.852,152.466,13.1386,630.872,52.896,43.5076,0,0,0.895677,0,0,-2.72841,0,0,-0.0600528
5.28,177.023,1414.69,23.4473,251.823,1567.48,95.425,37.1599,4.7316,-11.8612,6.30166,-5.04346,-9.86634,5.95445,-0.153254,-1.85895,5.95128,0,0,13.0794,0.123549,-0.153778,-112.993,-1.24111,-22.9908,5.88231,0,16.8071,-511.552,149.009,16.6808,686.944,2.40653,56.2926,0,0,0.899665,0,0,-2.44117,0,0,-0.0537435
5.29,181.781,1433.06,21.9305,256.655,1584.36,98.3891,36.3601,4.51781,-11.7796,3.92379,-4.78637,-11.3586,5.89313,-0.478744,-0.363579,5.89302,0,0,13.1892,0.10848,-0.00424979,-114.545,-1.42449,-22.9992,13.8866,2.10E-15,19.181,-522.908,134.73,18.9544,687.43,-47.0941,61.7383,0,0,0.822915,0,0,-1.90022,0,0,-0.0296669
5.3,185.94,1447.72,20.6095,261.314,1597.8,99.1932,35.6138,4.37739,-11.5565,2.18148,-4.60376,-12.36,5.70365,-0.606425,0.223265,5.70361,0,0,13.283,0.125139,0.116793,-115.375,-1.59244,-23.2192,20.1192,-1.05E-15,19.1996,-496.402,109.028,18.8995,627.405,-90.7763,59.579,0,0,0.687504,0,0,-1.24977,0,0,0.00766514
5.31,189.345,1458.84,19.5137,265.783,1608.06,97.5379,34.9247,4.3244,-11.1867,1.06353,-4.48725,-12.9207,5.28044,-0.53529,-0.103685,5.28042,0,0,13.3588,0.182165,0.201555,-115.388,-1.69175,-23.7284,23.3755,-3.15E-15,15.996,-433.533,73.7179,15.7061,512.556,-125.912,50.4642,0,0,0.524121,0,0,-0.652092,0,0,0.0435391
5.32,191.943,1466.87,18.7468,270.029,1615.67,93.4123,34.2869,4.3691,-10.6693,0.506834,-4.41716,-13.1312,4.52326,-0.288642,-1.23715,4.52222,0,0,13.415,0.286407,0.24304,-114.523,-1.66753,-24.5302,22.4239,-2.63E-16,9.25002,-341.789,32.6524,9.07022,357.555,-151.981,35.6543,0,0,0.360047,0,0,-0.223994,0,0,0.0578036
5.33,193.788,1472.4,18.4384,273.985,1621.37,87.1219,33.6866,4.51745,-10.0082,0.403278,-4.36851,-13.1116,3.36977,0.0860957,-2.95704,3.3653,0,0,13.4502,0.442467,0.235589,-112.791,-1.47935,-25.5368,16.5263,-1.31E-16,-0.456451,-234.454,-9.15112,-0.480985,186.399,-170.454,17.192,0,0,0.215833,0,0,-0.00114895,0,0,0.0362122
5.34,195.028,1476.1,18.6833,277.514,1626.01,79.2418,33.1049,4.77082,-9.2124,0.618482,-4.31801,-12.9878,1.82814,0.522392,-4.9524,1.82133,0,0,13.464,0.652222,0.175083,-110.301,-1.11418,-26.5688,6.088,1.58E-15,-11.3028,-127.556,-45.88,-11.2582,25.7936,-181.644,-1.85215,0,0,0.101706,0,0,0.0574121,0,0,-0.0166692
5.35,195.868,1478.61,19.4939,280.392,1630.31,70.5006,32.5221,5.12607,-8.29884,1.0181,-4.24947,-12.8603,-0.00811538,0.945494,-6.87575,-0.00806531,0,0,13.4564,0.914779,0.0591199,-107.271,-0.591494,-27.3887,-7.11986,4.20E-15,-20.351,-37.612,-71.2209,-20.4658,-97.4038,-183.347,-17.4816,0,0,0.0225683,0,0,0.030406,0,0,-0.0760808
5.36,196.515,1480.4,20.7835,282.345,1634.76,61.6428,31.9222,5.57565,-7.29375,1.49322,-4.15532,-12.7806,-1.9734,1.29019,-8.43119,-1.95205,0,0,13.4284,1.22632,-0.112818,-103.999,0.0382635,-27.7773,-20.623,7.88E-15,-24.6371,23.3679,-80.2491,-25.1816,-165.381,-172.59,-26.1389,0,0,-0.0217606,0,0,-0.0115668,0,0,-0.114699
5.37,197.13,1481.82,22.388,283.172,1639.5,53.3261,31.2954,6.10856,-6.23244,1.97487,-4.03491,-12.7453,-3.86379,1.52061,-9.464,-3.81112,0,0,13.3816,1.58038,-0.339346,-100.807,0.700153,-27.6243,-32.2927,2.10E-15,-22.7558,52.7724,-71.5779,-23.9021,-177.298,-147.726,-26.5541,0,0,-0.0381956,0,0,-0.0343119,0,0,-0.122229
5.38,197.796,1483.04,24.1082,282.886,1644.38,46.0763,30.6388,6.71169,-5.15721,2.43336,-3.89258,-12.7128,-5.47552,1.63963,-9.99505,-5.39219,0,0,13.3188,1.96836,-0.617332,-97.971,1.30903,-26.9746,-40.561,-1.58E-15,-15.6382,56.0048,-49.0336,-17.3798,-145.579,-112.267,-20.2538,0,0,-0.0341497,0,0,-0.0360866,0,0,-0.104182
5.39,198.527,1484.12,25.7521,281.748,1649.06,40.2579,29.955,7.37082,-4.11191,2.86718,-3.73621,-12.6263,-6.64299,1.68252,-10.186,-6.53782,0,0,13.2432,2.38,-0.942129,-95.6774,1.79019,-26.0033,-44.3765,-8.21E-15,-6.06906,41.8509,-20.8536,-8.22372,-87.6622,-75.1288,-10.5902,0,0,-0.0116769,0,0,-0.0271988,0,0,-0.0698867
5.4,199.293,1485.06,27.1679,280.174,1653.14,36.0328,29.2487,8.07157,-3.13545,3.28875,-3.5757,-12.4326,-7.27457,1.6976,-10.2531,-7.1578,0,0,13.1586,2.80433,-1.30819,-93.9954,2.0997,-24.9333,-43.6262,9.92E-15,2.68408,20.0941,3.55334,0.394675,-22.121,-46.7654,-1.22816,0,0,0.0284748,0,0,-0.0162074,0,0,-0.0287854
5.41,200.053,1485.83,28.2625,278.554,1656.32,33.3401,28.5235,8.79951,-2.25661,3.71086,-3.4214,-12.0952,-7.3693,1.7251,-10.3753,-7.24815,0,0,13.0689,3.23036,-1.7094,-92.8883,2.23357,-23.9456,-39.3577,-9.33E-15,8.47819,-0.0626668,18.6859,6.31467,34.8407,-31.7667,5.34534,0,0,0.0781591,0,0,-0.007406,0,0,0.00845861
5.42,200.778,1486.4,29.0061,277.152,1658.51,31.9378,27.7803,9.54044,-1.4915,4.13637,-3.28307,-11.6038,-7.00268,1.78547,-10.6433,-6.88162,0,0,12.9777,3.64784,-2.13949,-92.2516,2.22244,-23.1365,-33.1723,-4.66E-15,11.0657,-12.9114,25.1712,9.19766,74.4501,-26.613,8.57909,0,0,0.123305,0,0,-0.00261945,0,0,0.0332421
5.43,201.451,1486.73,29.4211,276.089,1659.76,31.4832,27.0168,10.2806,-0.844454,4.55484,-3.16886,-10.9753,-6.29431,1.88123,-11.0675,-6.1768,0,0,12.8884,4.04774,-2.5925,-91.9545,2.11521,-22.5314,-26.6301,6.57E-16,11.0677,-18.2093,24.9849,9.5583,98.29,-28.5883,9.08819,0,0,0.161006,0,0,-0.000945258,0,0,0.0431463
5.44,202.062,1486.85,29.5624,275.39,1660.27,31.6208,26.2278,11.0073,-0.310407,4.94572,-3.08437,-10.2437,-5.37257,2.00356,-11.6075,-5.26239,0,0,12.8036,4.4225,-3.06312,-91.8727,1.96234,-22.1119,-20.8877,-5.58E-15,9.4655,-17.4541,20.4756,8.2916,109.08,-35.0332,7.89519,0,0,0.188936,0,0,-0.00132424,0,0,0.0418261
5.45,202.601,1486.76,29.4962,275.01,1660.26,32.0486,25.4075,11.709,0.11983,5.28512,-3.03231,-9.44975,-4.34838,2.13782,-12.1977,-4.25007,0,0,12.7248,4.76612,-3.54698,-91.9076,1.80576,-21.8387,-16.5521,4.89E-15,7.3512,-13.2596,14.5939,6.4399,111.658,-42.4288,6.0932,0,0,0.20681,0,0,-0.00256433,0,0,0.0353879
5.46,203.06,1486.51,29.2818,274.885,1659.96,32.5504,24.5509,12.3765,0.455781,5.55144,-3.0131,-8.63262,-3.30312,2.26878,-12.7708,-3.22129,0,0,12.653,5.07413,-4.04093,-91.9926,1.67384,-21.6709,0,0,0,0,0,0,0,0,0,0,0,0,0,0,0,0,0,0
5.47,203.43,1486.13,28.9611,274.959,1659.51,32.9969,23.6544,13.0021,0.705134,5.72894,-3.02556,-7.82362,-2.28721,2.3841,-13.2733,-2.2261,0,0,12.5881,5.34357,-4.54296,-92.0901,1.58094,-21.5774,0,0,0,0,0,0,0,0,0,0,0,0,0,0,0,0,0,0
5.48,203.707,1485.63,28.5577,275.198,1658.98,33.3259,22.7162,13.5803,0.871966,5.80881,-3.06747,-7.04325,-1.32586,2.4758,-13.6714,-1.28831,0,0,12.5297,5.57272,-5.05203,-92.1832,1.53016,-21.5403,0,0,0,0,0,0,0,0,0,0,0,0,0,0,0,0,0,0
5.49,203.888,1485.02,28.0803,275.587,1658.41,33.5162,21.7358,14.1068,0.958138,5.7877,-3.13561,-6.30373,-0.428244,2.53963,-13.9477,-0.415631,0,0,12.4768,5.76078,-5.5678,-92.2676,1.51781,-21.5525,0,0,0,0,0,0,0,0,0,0,0,0,0,0,0,0,0,0
